{
"type": "FeatureCollection",
"name": "bus_stops5",
"crs": { "type": "name", "properties": { "name": "urn:ogc:def:crs:OGC:1.3:CRS84" } },
"xy_coordinate_resolution": 1e-15,
"features": [
{ "type": "Feature", "properties": { "osm_id": "2154029180", "code": 5621, "fclass": "bus_stop", "name": null }, "geometry": { "type": "Point", "coordinates": [ 79.8641872, 6.8905492 ] } },
{ "type": "Feature", "properties": { "osm_id": "2328941797", "code": 5621, "fclass": "bus_stop", "name": null }, "geometry": { "type": "Point", "coordinates": [ 79.847868, 6.9326714 ] } },
{ "type": "Feature", "properties": { "osm_id": "12110041001", "code": 5621, "fclass": "bus_stop", "name": null }, "geometry": { "type": "Point", "coordinates": [ 79.8709308, 6.9184923 ] } },
{ "type": "Feature", "properties": { "osm_id": "621822032", "code": 5621, "fclass": "bus_stop", "name": "Narahenpita" }, "geometry": { "type": "Point", "coordinates": [ 79.8770981, 6.891591 ] } },
{ "type": "Feature", "properties": { "osm_id": "12211189639", "code": 5621, "fclass": "bus_stop", "name": "bus stop near the cargills" }, "geometry": { "type": "Point", "coordinates": [ 79.8874801, 6.8883487 ] } },
{ "type": "Feature", "properties": { "osm_id": "619265151", "code": 5621, "fclass": "bus_stop", "name": "Fort Bus Stop" }, "geometry": { "type": "Point", "coordinates": [ 79.8502961, 6.9340332 ] } },
{ "type": "Feature", "properties": { "osm_id": "12211241957", "code": 5621, "fclass": "bus_stop", "name": "Janadipathi Prathamika Bus Stop" }, "geometry": { "type": "Point", "coordinates": [ 79.8894503, 6.8933293 ] } },
{ "type": "Feature", "properties": { "osm_id": "11909127022", "code": 5621, "fclass": "bus_stop", "name": "Gnanawimala" }, "geometry": { "type": "Point", "coordinates": [ 79.8824799, 6.9312288 ] } },
{ "type": "Feature", "properties": { "osm_id": "11909127023", "code": 5621, "fclass": "bus_stop", "name": "Crime Bureau" }, "geometry": { "type": "Point", "coordinates": [ 79.882114, 6.9306878 ] } },
{ "type": "Feature", "properties": { "osm_id": "12110032900", "code": 5621, "fclass": "bus_stop", "name": null }, "geometry": { "type": "Point", "coordinates": [ 79.8709473, 6.9183831 ] } },
{ "type": "Feature", "properties": { "osm_id": "619160918", "code": 5621, "fclass": "bus_stop", "name": "Borella" }, "geometry": { "type": "Point", "coordinates": [ 79.8778049, 6.9153814 ] } },
{ "type": "Feature", "properties": { "osm_id": "11768044127", "code": 5621, "fclass": "bus_stop", "name": null }, "geometry": { "type": "Point", "coordinates": [ 79.8778012, 6.919478 ] } },
{ "type": "Feature", "properties": { "osm_id": "619263610", "code": 5621, "fclass": "bus_stop", "name": "Gunasinghepura Bus Stop" }, "geometry": { "type": "Point", "coordinates": [ 79.8556206, 6.9371283 ] } },
{ "type": "Feature", "properties": { "osm_id": "11909127021", "code": 5621, "fclass": "bus_stop", "name": "Petroleum" }, "geometry": { "type": "Point", "coordinates": [ 79.8840726, 6.931523 ] } },
{ "type": "Feature", "properties": { "osm_id": "11734011135", "code": 5621, "fclass": "bus_stop", "name": "Nelum Pokuna" }, "geometry": { "type": "Point", "coordinates": [ 79.8637018, 6.9116518 ] } },
{ "type": "Feature", "properties": { "osm_id": "11473318990", "code": 5621, "fclass": "bus_stop", "name": null }, "geometry": { "type": "Point", "coordinates": [ 79.8639547, 6.8891291 ] } },
{ "type": "Feature", "properties": { "osm_id": "11263873748", "code": 5621, "fclass": "bus_stop", "name": null }, "geometry": { "type": "Point", "coordinates": [ 79.918585, 6.8750783 ] } },
{ "type": "Feature", "properties": { "osm_id": "11263873749", "code": 5621, "fclass": "bus_stop", "name": null }, "geometry": { "type": "Point", "coordinates": [ 79.9188805, 6.8753724 ] } },
{ "type": "Feature", "properties": { "osm_id": "268931553", "code": 5621, "fclass": "bus_stop", "name": null }, "geometry": { "type": "Point", "coordinates": [ 79.90118, 6.8817697 ] } },
{ "type": "Feature", "properties": { "osm_id": "976675998", "code": 5621, "fclass": "bus_stop", "name": null }, "geometry": { "type": "Point", "coordinates": [ 79.8944967, 6.8788255 ] } },
{ "type": "Feature", "properties": { "osm_id": "976675999", "code": 5621, "fclass": "bus_stop", "name": null }, "geometry": { "type": "Point", "coordinates": [ 79.8917609, 6.8742666 ] } },
{ "type": "Feature", "properties": { "osm_id": "976676000", "code": 5621, "fclass": "bus_stop", "name": null }, "geometry": { "type": "Point", "coordinates": [ 79.8906773, 6.8725836 ] } },
{ "type": "Feature", "properties": { "osm_id": "976664147", "code": 5621, "fclass": "bus_stop", "name": null }, "geometry": { "type": "Point", "coordinates": [ 79.918186, 6.9021945 ] } },
{ "type": "Feature", "properties": { "osm_id": "976674823", "code": 5621, "fclass": "bus_stop", "name": null }, "geometry": { "type": "Point", "coordinates": [ 79.8777863, 6.9179376 ] } },
{ "type": "Feature", "properties": { "osm_id": "976675994", "code": 5621, "fclass": "bus_stop", "name": null }, "geometry": { "type": "Point", "coordinates": [ 79.8961471, 6.9087496 ] } },
{ "type": "Feature", "properties": { "osm_id": "976664136", "code": 5621, "fclass": "bus_stop", "name": null }, "geometry": { "type": "Point", "coordinates": [ 79.8971467, 6.8819571 ] } },
{ "type": "Feature", "properties": { "osm_id": "976664141", "code": 5621, "fclass": "bus_stop", "name": null }, "geometry": { "type": "Point", "coordinates": [ 79.9057727, 6.9021519 ] } },
{ "type": "Feature", "properties": { "osm_id": "976664142", "code": 5621, "fclass": "bus_stop", "name": null }, "geometry": { "type": "Point", "coordinates": [ 79.9071568, 6.9034088 ] } },
{ "type": "Feature", "properties": { "osm_id": "976664143", "code": 5621, "fclass": "bus_stop", "name": null }, "geometry": { "type": "Point", "coordinates": [ 79.9076825, 6.9033342 ] } },
{ "type": "Feature", "properties": { "osm_id": "13505974401", "code": 5621, "fclass": "bus_stop", "name": "Bus to Kandy" }, "geometry": { "type": "Point", "coordinates": [ 79.8558025, 6.933403 ] } },
{ "type": "Feature", "properties": { "osm_id": "976663560", "code": 5621, "fclass": "bus_stop", "name": null }, "geometry": { "type": "Point", "coordinates": [ 79.9150532, 6.9024928 ] } },
{ "type": "Feature", "properties": { "osm_id": "976664133", "code": 5621, "fclass": "bus_stop", "name": null }, "geometry": { "type": "Point", "coordinates": [ 79.9143148, 6.9023774 ] } },
{ "type": "Feature", "properties": { "osm_id": "976664134", "code": 5621, "fclass": "bus_stop", "name": "Kotte-Pagoda Bus Stand" }, "geometry": { "type": "Point", "coordinates": [ 79.9015789, 6.8839367 ] } },
{ "type": "Feature", "properties": { "osm_id": "976664135", "code": 5621, "fclass": "bus_stop", "name": null }, "geometry": { "type": "Point", "coordinates": [ 79.8987242, 6.8828874 ] } },
{ "type": "Feature", "properties": { "osm_id": "13095394593", "code": 5621, "fclass": "bus_stop", "name": null }, "geometry": { "type": "Point", "coordinates": [ 79.842373, 6.9304026 ] } },
{ "type": "Feature", "properties": { "osm_id": "679023695", "code": 5621, "fclass": "bus_stop", "name": "Beddagana" }, "geometry": { "type": "Point", "coordinates": [ 79.9056131, 6.8890331 ] } },
{ "type": "Feature", "properties": { "osm_id": "1420484722", "code": 5621, "fclass": "bus_stop", "name": null }, "geometry": { "type": "Point", "coordinates": [ 79.9003842, 6.8760718 ] } },
{ "type": "Feature", "properties": { "osm_id": "1420484924", "code": 5621, "fclass": "bus_stop", "name": null }, "geometry": { "type": "Point", "coordinates": [ 79.9005313, 6.8765354 ] } },
{ "type": "Feature", "properties": { "osm_id": "1141723531", "code": 5621, "fclass": "bus_stop", "name": null }, "geometry": { "type": "Point", "coordinates": [ 79.9055862, 6.8946961 ] } },
{ "type": "Feature", "properties": { "osm_id": "1124783409", "code": 5621, "fclass": "bus_stop", "name": null }, "geometry": { "type": "Point", "coordinates": [ 79.9061814, 6.8982685 ] } },
{ "type": "Feature", "properties": { "osm_id": "3990510778", "code": 5621, "fclass": "bus_stop", "name": "Kirulapona Market" }, "geometry": { "type": "Point", "coordinates": [ 79.873433, 6.878807 ] } },
{ "type": "Feature", "properties": { "osm_id": "3937752754", "code": 5621, "fclass": "bus_stop", "name": null }, "geometry": { "type": "Point", "coordinates": [ 79.8915338, 6.8740002 ] } },
{ "type": "Feature", "properties": { "osm_id": "3937908741", "code": 5621, "fclass": "bus_stop", "name": null }, "geometry": { "type": "Point", "coordinates": [ 79.8649335, 6.9339921 ] } },
{ "type": "Feature", "properties": { "osm_id": "3922121125", "code": 5621, "fclass": "bus_stop", "name": null }, "geometry": { "type": "Point", "coordinates": [ 79.9050205, 6.9055883 ] } },
{ "type": "Feature", "properties": { "osm_id": "3922271601", "code": 5621, "fclass": "bus_stop", "name": "Fort Bus Stop" }, "geometry": { "type": "Point", "coordinates": [ 79.8489576, 6.9343064 ] } },
{ "type": "Feature", "properties": { "osm_id": "4240097456", "code": 5621, "fclass": "bus_stop", "name": "Castle Street" }, "geometry": { "type": "Point", "coordinates": [ 79.8855107, 6.9111047 ] } },
{ "type": "Feature", "properties": { "osm_id": "4240097457", "code": 5621, "fclass": "bus_stop", "name": "Castle Street" }, "geometry": { "type": "Point", "coordinates": [ 79.8846263, 6.9108875 ] } },
{ "type": "Feature", "properties": { "osm_id": "2578266165", "code": 5621, "fclass": "bus_stop", "name": "Rajagiriya Bus Stop" }, "geometry": { "type": "Point", "coordinates": [ 79.8945965, 6.9101712 ] } },
{ "type": "Feature", "properties": { "osm_id": "2578267387", "code": 5621, "fclass": "bus_stop", "name": "Rajagiriya Bus Stop" }, "geometry": { "type": "Point", "coordinates": [ 79.8945203, 6.9100839 ] } },
{ "type": "Feature", "properties": { "osm_id": "3378908831", "code": 5621, "fclass": "bus_stop", "name": null }, "geometry": { "type": "Point", "coordinates": [ 79.8625855, 6.9164394 ] } },
{ "type": "Feature", "properties": { "osm_id": "3378906790", "code": 5621, "fclass": "bus_stop", "name": null }, "geometry": { "type": "Point", "coordinates": [ 79.8604039, 6.9191004 ] } },
{ "type": "Feature", "properties": { "osm_id": "3378906791", "code": 5621, "fclass": "bus_stop", "name": "Townhall Bus Stop" }, "geometry": { "type": "Point", "coordinates": [ 79.8647474, 6.9161758 ] } },
{ "type": "Feature", "properties": { "osm_id": "3378906792", "code": 5621, "fclass": "bus_stop", "name": null }, "geometry": { "type": "Point", "coordinates": [ 79.8598125, 6.9195704 ] } },
{ "type": "Feature", "properties": { "osm_id": "3378908694", "code": 5621, "fclass": "bus_stop", "name": "170 Athurugiriya, 190 Meegoda, 190 Godagama" }, "geometry": { "type": "Point", "coordinates": [ 79.8661797, 6.9171448 ] } },
{ "type": "Feature", "properties": { "osm_id": "3370463787", "code": 5621, "fclass": "bus_stop", "name": "Gothutuwa New Town" }, "geometry": { "type": "Point", "coordinates": [ 79.9127469, 6.9239776 ] } },
{ "type": "Feature", "properties": { "osm_id": "3378906787", "code": 5621, "fclass": "bus_stop", "name": "Town Hall" }, "geometry": { "type": "Point", "coordinates": [ 79.8649673, 6.9168254 ] } },
{ "type": "Feature", "properties": { "osm_id": "3378906788", "code": 5621, "fclass": "bus_stop", "name": null }, "geometry": { "type": "Point", "coordinates": [ 79.861505, 6.9189954 ] } },
{ "type": "Feature", "properties": { "osm_id": "3378906789", "code": 5621, "fclass": "bus_stop", "name": "Town hall" }, "geometry": { "type": "Point", "coordinates": [ 79.8630651, 6.9164719 ] } },
{ "type": "Feature", "properties": { "osm_id": "3188801113", "code": 5621, "fclass": "bus_stop", "name": null }, "geometry": { "type": "Point", "coordinates": [ 79.8674142, 6.9346772 ] } },
{ "type": "Feature", "properties": { "osm_id": "3613112504", "code": 5621, "fclass": "bus_stop", "name": "140 Bus Stop" }, "geometry": { "type": "Point", "coordinates": [ 79.8694028, 6.9312798 ] } },
{ "type": "Feature", "properties": { "osm_id": "3511072105", "code": 5621, "fclass": "bus_stop", "name": "177, 163, 170, 190 Bus-Stop" }, "geometry": { "type": "Point", "coordinates": [ 79.9175227, 6.9020331 ] } },
{ "type": "Feature", "properties": { "osm_id": "3538181856", "code": 5621, "fclass": "bus_stop", "name": null }, "geometry": { "type": "Point", "coordinates": [ 79.8660911, 6.933946 ] } },
{ "type": "Feature", "properties": { "osm_id": "3500241153", "code": 5621, "fclass": "bus_stop", "name": null }, "geometry": { "type": "Point", "coordinates": [ 79.8887849, 6.9107316 ] } },
{ "type": "Feature", "properties": { "osm_id": "3483231541", "code": 5621, "fclass": "bus_stop", "name": "HNB" }, "geometry": { "type": "Point", "coordinates": [ 79.8764466, 6.8804067 ] } },
{ "type": "Feature", "properties": { "osm_id": "3867804245", "code": 5621, "fclass": "bus_stop", "name": null }, "geometry": { "type": "Point", "coordinates": [ 79.8594274, 6.9004237 ] } },
{ "type": "Feature", "properties": { "osm_id": "6515052339", "code": 5621, "fclass": "bus_stop", "name": null }, "geometry": { "type": "Point", "coordinates": [ 79.8869147, 6.8829507 ] } },
{ "type": "Feature", "properties": { "osm_id": "6534612520", "code": 5621, "fclass": "bus_stop", "name": null }, "geometry": { "type": "Point", "coordinates": [ 79.863226, 6.9295823 ] } },
{ "type": "Feature", "properties": { "osm_id": "6512132381", "code": 5621, "fclass": "bus_stop", "name": null }, "geometry": { "type": "Point", "coordinates": [ 79.8655919, 6.9401817 ] } },
{ "type": "Feature", "properties": { "osm_id": "6512132382", "code": 5621, "fclass": "bus_stop", "name": null }, "geometry": { "type": "Point", "coordinates": [ 79.8659411, 6.9339546 ] } },
{ "type": "Feature", "properties": { "osm_id": "6512132383", "code": 5621, "fclass": "bus_stop", "name": null }, "geometry": { "type": "Point", "coordinates": [ 79.8643941, 6.9291316 ] } },
{ "type": "Feature", "properties": { "osm_id": "6512132384", "code": 5621, "fclass": "bus_stop", "name": null }, "geometry": { "type": "Point", "coordinates": [ 79.863279, 6.9290053 ] } },
{ "type": "Feature", "properties": { "osm_id": "6508484026", "code": 5621, "fclass": "bus_stop", "name": null }, "geometry": { "type": "Point", "coordinates": [ 79.8629937, 6.945793 ] } },
{ "type": "Feature", "properties": { "osm_id": "6508484027", "code": 5621, "fclass": "bus_stop", "name": null }, "geometry": { "type": "Point", "coordinates": [ 79.8567884, 6.9468077 ] } },
{ "type": "Feature", "properties": { "osm_id": "6512115585", "code": 5621, "fclass": "bus_stop", "name": null }, "geometry": { "type": "Point", "coordinates": [ 79.8645537, 6.9428184 ] } },
{ "type": "Feature", "properties": { "osm_id": "6512132380", "code": 5621, "fclass": "bus_stop", "name": null }, "geometry": { "type": "Point", "coordinates": [ 79.8653172, 6.9411584 ] } },
{ "type": "Feature", "properties": { "osm_id": "6508484023", "code": 5621, "fclass": "bus_stop", "name": null }, "geometry": { "type": "Point", "coordinates": [ 79.8627971, 6.94683 ] } },
{ "type": "Feature", "properties": { "osm_id": "6508484024", "code": 5621, "fclass": "bus_stop", "name": null }, "geometry": { "type": "Point", "coordinates": [ 79.8564754, 6.946491 ] } },
{ "type": "Feature", "properties": { "osm_id": "6508484025", "code": 5621, "fclass": "bus_stop", "name": null }, "geometry": { "type": "Point", "coordinates": [ 79.8613284, 6.9458731 ] } },
{ "type": "Feature", "properties": { "osm_id": "6395430788", "code": 5621, "fclass": "bus_stop", "name": "Richardson" }, "geometry": { "type": "Point", "coordinates": [ 79.8477365, 6.9176932 ] } },
{ "type": "Feature", "properties": { "osm_id": "6342353385", "code": 5621, "fclass": "bus_stop", "name": "Airport Bus Stop" }, "geometry": { "type": "Point", "coordinates": [ 79.8806139, 6.9529947 ] } },
{ "type": "Feature", "properties": { "osm_id": "6335611950", "code": 5621, "fclass": "bus_stop", "name": null }, "geometry": { "type": "Point", "coordinates": [ 79.8954167, 6.9073441 ] } },
{ "type": "Feature", "properties": { "osm_id": "6317557285", "code": 5621, "fclass": "bus_stop", "name": "AC bus to Jaffna" }, "geometry": { "type": "Point", "coordinates": [ 79.8606937, 6.9482955 ] } },
{ "type": "Feature", "properties": { "osm_id": "6322702564", "code": 5621, "fclass": "bus_stop", "name": null }, "geometry": { "type": "Point", "coordinates": [ 79.8777862, 6.9249219 ] } },
{ "type": "Feature", "properties": { "osm_id": "6632965089", "code": 5621, "fclass": "bus_stop", "name": null }, "geometry": { "type": "Point", "coordinates": [ 79.8990486, 6.8751973 ] } },
{ "type": "Feature", "properties": { "osm_id": "6632965110", "code": 5621, "fclass": "bus_stop", "name": "Nugegoda Bus Stand" }, "geometry": { "type": "Point", "coordinates": [ 79.8922087, 6.8728552 ] } },
{ "type": "Feature", "properties": { "osm_id": "6698895226", "code": 5621, "fclass": "bus_stop", "name": null }, "geometry": { "type": "Point", "coordinates": [ 79.9146041, 6.8823498 ] } },
{ "type": "Feature", "properties": { "osm_id": "6631008103", "code": 5621, "fclass": "bus_stop", "name": null }, "geometry": { "type": "Point", "coordinates": [ 79.9022146, 6.8869176 ] } },
{ "type": "Feature", "properties": { "osm_id": "6632922943", "code": 5621, "fclass": "bus_stop", "name": "Pita Kotte Bus Stop" }, "geometry": { "type": "Point", "coordinates": [ 79.9018403, 6.8832315 ] } },
{ "type": "Feature", "properties": { "osm_id": "6632922945", "code": 5621, "fclass": "bus_stop", "name": "Pita Kotte Bus Stop" }, "geometry": { "type": "Point", "coordinates": [ 79.9018101, 6.8830688 ] } },
{ "type": "Feature", "properties": { "osm_id": "6630965165", "code": 5621, "fclass": "bus_stop", "name": null }, "geometry": { "type": "Point", "coordinates": [ 79.903033, 6.8894993 ] } },
{ "type": "Feature", "properties": { "osm_id": "6630965167", "code": 5621, "fclass": "bus_stop", "name": null }, "geometry": { "type": "Point", "coordinates": [ 79.9028246, 6.8887415 ] } },
{ "type": "Feature", "properties": { "osm_id": "6630965173", "code": 5621, "fclass": "bus_stop", "name": null }, "geometry": { "type": "Point", "coordinates": [ 79.9026885, 6.8883043 ] } },
{ "type": "Feature", "properties": { "osm_id": "6631008101", "code": 5621, "fclass": "bus_stop", "name": null }, "geometry": { "type": "Point", "coordinates": [ 79.9022199, 6.8867934 ] } },
{ "type": "Feature", "properties": { "osm_id": "6626986837", "code": 5621, "fclass": "bus_stop", "name": "Bungalow Junction Sri Jayawardhana Kotte" }, "geometry": { "type": "Point", "coordinates": [ 79.9045284, 6.8925153 ] } },
{ "type": "Feature", "properties": { "osm_id": "6626986838", "code": 5621, "fclass": "bus_stop", "name": null }, "geometry": { "type": "Point", "coordinates": [ 79.9046088, 6.8924993 ] } },
{ "type": "Feature", "properties": { "osm_id": "6626986846", "code": 5621, "fclass": "bus_stop", "name": null }, "geometry": { "type": "Point", "coordinates": [ 79.904056, 6.8916145 ] } },
{ "type": "Feature", "properties": { "osm_id": "6626986848", "code": 5621, "fclass": "bus_stop", "name": null }, "geometry": { "type": "Point", "coordinates": [ 79.9039921, 6.8914199 ] } },
{ "type": "Feature", "properties": { "osm_id": "6626986790", "code": 5621, "fclass": "bus_stop", "name": "Sri Jayawardhanapura Kotte" }, "geometry": { "type": "Point", "coordinates": [ 79.9060001, 6.8978762 ] } },
{ "type": "Feature", "properties": { "osm_id": "6626986821", "code": 5621, "fclass": "bus_stop", "name": null }, "geometry": { "type": "Point", "coordinates": [ 79.905202, 6.894337 ] } },
{ "type": "Feature", "properties": { "osm_id": "6626986822", "code": 5621, "fclass": "bus_stop", "name": null }, "geometry": { "type": "Point", "coordinates": [ 79.9053845, 6.8944084 ] } },
{ "type": "Feature", "properties": { "osm_id": "6626986836", "code": 5621, "fclass": "bus_stop", "name": null }, "geometry": { "type": "Point", "coordinates": [ 79.9045176, 6.8927392 ] } },
{ "type": "Feature", "properties": { "osm_id": "6626945372", "code": 5621, "fclass": "bus_stop", "name": "Ethulkotte" }, "geometry": { "type": "Point", "coordinates": [ 79.9057005, 6.9005837 ] } },
{ "type": "Feature", "properties": { "osm_id": "6626986786", "code": 5621, "fclass": "bus_stop", "name": null }, "geometry": { "type": "Point", "coordinates": [ 79.9060203, 6.8984942 ] } },
{ "type": "Feature", "properties": { "osm_id": "6554831165", "code": 5621, "fclass": "bus_stop", "name": "Anula Vidyalaya Bus Stop" }, "geometry": { "type": "Point", "coordinates": [ 79.8838604, 6.8722089 ] } },
{ "type": "Feature", "properties": { "osm_id": "6557167083", "code": 5621, "fclass": "bus_stop", "name": "St Peters Collage halt" }, "geometry": { "type": "Point", "coordinates": [ 79.8592743, 6.8811407 ] } },
{ "type": "Feature", "properties": { "osm_id": "8288889566", "code": 5621, "fclass": "bus_stop", "name": null }, "geometry": { "type": "Point", "coordinates": [ 79.9251532, 6.8942642 ] } },
{ "type": "Feature", "properties": { "osm_id": "7912606649", "code": 5621, "fclass": "bus_stop", "name": "Bodiya road bus stop" }, "geometry": { "type": "Point", "coordinates": [ 79.9136925, 6.8718104 ] } },
{ "type": "Feature", "properties": { "osm_id": "7111460785", "code": 5621, "fclass": "bus_stop", "name": "Racecourse" }, "geometry": { "type": "Point", "coordinates": [ 79.8638841, 6.9064866 ] } },
{ "type": "Feature", "properties": { "osm_id": "7217688185", "code": 5621, "fclass": "bus_stop", "name": null }, "geometry": { "type": "Point", "coordinates": [ 79.9249272, 6.8942077 ] } },
{ "type": "Feature", "properties": { "osm_id": "6738342572", "code": 5621, "fclass": "bus_stop", "name": null }, "geometry": { "type": "Point", "coordinates": [ 79.8821089, 6.9113189 ] } },
{ "type": "Feature", "properties": { "osm_id": "6738366202", "code": 5621, "fclass": "bus_stop", "name": null }, "geometry": { "type": "Point", "coordinates": [ 79.8772867, 6.898681 ] } },
{ "type": "Feature", "properties": { "osm_id": "8557935436", "code": 5621, "fclass": "bus_stop", "name": "Kollupitiya ACBT halt" }, "geometry": { "type": "Point", "coordinates": [ 79.8517288, 6.9051245 ] } },
{ "type": "Feature", "properties": { "osm_id": "8557962578", "code": 5621, "fclass": "bus_stop", "name": "President's Office Halt" }, "geometry": { "type": "Point", "coordinates": [ 79.8422325, 6.9309075 ] } },
{ "type": "Feature", "properties": { "osm_id": "8560636964", "code": 5621, "fclass": "bus_stop", "name": null }, "geometry": { "type": "Point", "coordinates": [ 79.9200838, 6.9026334 ] } },
{ "type": "Feature", "properties": { "osm_id": "8557927573", "code": 5621, "fclass": "bus_stop", "name": "Galle face halt 1" }, "geometry": { "type": "Point", "coordinates": [ 79.8462335, 6.9216076 ] } },
{ "type": "Feature", "properties": { "osm_id": "8557927574", "code": 5621, "fclass": "bus_stop", "name": "Galle Face Halt 2" }, "geometry": { "type": "Point", "coordinates": [ 79.8447457, 6.9255892 ] } },
{ "type": "Feature", "properties": { "osm_id": "8557928900", "code": 5621, "fclass": "bus_stop", "name": "Kollupitiya Vogue Jewellers halt" }, "geometry": { "type": "Point", "coordinates": [ 79.8525133, 6.9027987 ] } },
{ "type": "Feature", "properties": { "osm_id": "8557935130", "code": 5621, "fclass": "bus_stop", "name": "Kollupitiya Crescat halt" }, "geometry": { "type": "Point", "coordinates": [ 79.8477979, 6.9170186 ] } },
{ "type": "Feature", "properties": { "osm_id": "8557906260", "code": 5621, "fclass": "bus_stop", "name": "Bambalapitiya flats halt" }, "geometry": { "type": "Point", "coordinates": [ 79.8584362, 6.8840616 ] } },
{ "type": "Feature", "properties": { "osm_id": "8557906261", "code": 5621, "fclass": "bus_stop", "name": "Bambalapitiya Milagiriya halt" }, "geometry": { "type": "Point", "coordinates": [ 79.8568968, 6.8892655 ] } },
{ "type": "Feature", "properties": { "osm_id": "8557906262", "code": 5621, "fclass": "bus_stop", "name": "Bambalapitiya Junction" }, "geometry": { "type": "Point", "coordinates": [ 79.8555889, 6.893302 ] } },
{ "type": "Feature", "properties": { "osm_id": "8557912076", "code": 5621, "fclass": "bus_stop", "name": "Galadari Hotel halt" }, "geometry": { "type": "Point", "coordinates": [ 79.8451236, 6.931527 ] } },
{ "type": "Feature", "properties": { "osm_id": "8557849263", "code": 5621, "fclass": "bus_stop", "name": "Savoy film hall halt" }, "geometry": { "type": "Point", "coordinates": [ 79.860611, 6.8765794 ] } },
{ "type": "Feature", "properties": { "osm_id": "8557885084", "code": 5621, "fclass": "bus_stop", "name": "Kollupitiya Junction halt" }, "geometry": { "type": "Point", "coordinates": [ 79.8500587, 6.9101524 ] } },
{ "type": "Feature", "properties": { "osm_id": "8557904482", "code": 5621, "fclass": "bus_stop", "name": "Bambalapitiya Cargills Bank halt" }, "geometry": { "type": "Point", "coordinates": [ 79.8543228, 6.8971163 ] } },
{ "type": "Feature", "properties": { "osm_id": "8557904483", "code": 5621, "fclass": "bus_stop", "name": "Kollupitiya Marino Mall halt" }, "geometry": { "type": "Point", "coordinates": [ 79.8532054, 6.9006474 ] } },
{ "type": "Feature", "properties": { "osm_id": "8557849262", "code": 5621, "fclass": "bus_stop", "name": "Wellawatte Market" }, "geometry": { "type": "Point", "coordinates": [ 79.8613657, 6.8741109 ] } },
{ "type": "Feature", "properties": { "osm_id": "5022332693", "code": 5621, "fclass": "bus_stop", "name": "Colombo public library stop" }, "geometry": { "type": "Point", "coordinates": [ 79.8580808, 6.9129932 ] } },
{ "type": "Feature", "properties": { "osm_id": "5022333222", "code": 5621, "fclass": "bus_stop", "name": "Nelum Pokuna Bus Stop" }, "geometry": { "type": "Point", "coordinates": [ 79.8635484, 6.910253 ] } },
{ "type": "Feature", "properties": { "osm_id": "4815806934", "code": 5621, "fclass": "bus_stop", "name": "Route 187 Airport" }, "geometry": { "type": "Point", "coordinates": [ 79.8486168, 6.9343411 ] } },
{ "type": "Feature", "properties": { "osm_id": "4693134156", "code": 5621, "fclass": "bus_stop", "name": "Hettiyawatte Junction" }, "geometry": { "type": "Point", "coordinates": [ 79.8574676, 6.9499007 ] } },
{ "type": "Feature", "properties": { "osm_id": "4693137825", "code": 5621, "fclass": "bus_stop", "name": "Polduwa Bus Stop" }, "geometry": { "type": "Point", "coordinates": [ 79.9117056, 6.9032323 ] } },
{ "type": "Feature", "properties": { "osm_id": "4526341892", "code": 5621, "fclass": "bus_stop", "name": "St Peters Bus Stop" }, "geometry": { "type": "Point", "coordinates": [ 79.8617823, 6.8809496 ] } },
{ "type": "Feature", "properties": { "osm_id": "4535095101", "code": 5621, "fclass": "bus_stop", "name": null }, "geometry": { "type": "Point", "coordinates": [ 79.9197695, 6.901353 ] } },
{ "type": "Feature", "properties": { "osm_id": "5265219922", "code": 5621, "fclass": "bus_stop", "name": "Route 240 - Negombo" }, "geometry": { "type": "Point", "coordinates": [ 79.8542544, 6.9353666 ] } },
{ "type": "Feature", "properties": { "osm_id": "5199207923", "code": 5621, "fclass": "bus_stop", "name": "Hyde Park Bus Stop" }, "geometry": { "type": "Point", "coordinates": [ 79.8601494, 6.9193092 ] } },
{ "type": "Feature", "properties": { "osm_id": "5199207925", "code": 5621, "fclass": "bus_stop", "name": null }, "geometry": { "type": "Point", "coordinates": [ 79.8587599, 6.9107506 ] } },
{ "type": "Feature", "properties": { "osm_id": "5213910922", "code": 5621, "fclass": "bus_stop", "name": null }, "geometry": { "type": "Point", "coordinates": [ 79.8533349, 6.9227947 ] } },
{ "type": "Feature", "properties": { "osm_id": "5213912525", "code": 5621, "fclass": "bus_stop", "name": "Staple Street Bus Stop" }, "geometry": { "type": "Point", "coordinates": [ 79.8559061, 6.9213384 ] } },
{ "type": "Feature", "properties": { "osm_id": "5189870821", "code": 5621, "fclass": "bus_stop", "name": "Bambalapitiya Junction Bus Stop" }, "geometry": { "type": "Point", "coordinates": [ 79.8574226, 6.8943178 ] } },
{ "type": "Feature", "properties": { "osm_id": "5192693821", "code": 5621, "fclass": "bus_stop", "name": null }, "geometry": { "type": "Point", "coordinates": [ 79.8518198, 6.9251847 ] } },
{ "type": "Feature", "properties": { "osm_id": "5193334837", "code": 5621, "fclass": "bus_stop", "name": null }, "geometry": { "type": "Point", "coordinates": [ 79.8544548, 6.9178774 ] } },
{ "type": "Feature", "properties": { "osm_id": "5193680021", "code": 5621, "fclass": "bus_stop", "name": "Town hall" }, "geometry": { "type": "Point", "coordinates": [ 79.8628895, 6.9165944 ] } },
{ "type": "Feature", "properties": { "osm_id": "5178326322", "code": 5621, "fclass": "bus_stop", "name": "Kotahena Bus Stop" }, "geometry": { "type": "Point", "coordinates": [ 79.8618479, 6.9474309 ] } },
{ "type": "Feature", "properties": { "osm_id": "5178326421", "code": 5621, "fclass": "bus_stop", "name": "Armour street" }, "geometry": { "type": "Point", "coordinates": [ 79.8644849, 6.9424718 ] } },
{ "type": "Feature", "properties": { "osm_id": "5188185625", "code": 5621, "fclass": "bus_stop", "name": null }, "geometry": { "type": "Point", "coordinates": [ 79.8519031, 6.9231681 ] } },
{ "type": "Feature", "properties": { "osm_id": "5188308521", "code": 5621, "fclass": "bus_stop", "name": "Sugatadasa bus stop" }, "geometry": { "type": "Point", "coordinates": [ 79.86963, 6.9472639 ] } },
{ "type": "Feature", "properties": { "osm_id": "5178105223", "code": 5621, "fclass": "bus_stop", "name": null }, "geometry": { "type": "Point", "coordinates": [ 79.8884346, 6.9097218 ] } },
{ "type": "Feature", "properties": { "osm_id": "5178105224", "code": 5621, "fclass": "bus_stop", "name": null }, "geometry": { "type": "Point", "coordinates": [ 79.8866294, 6.9116235 ] } },
{ "type": "Feature", "properties": { "osm_id": "5178326221", "code": 5621, "fclass": "bus_stop", "name": null }, "geometry": { "type": "Point", "coordinates": [ 79.8654999, 6.940367 ] } },
{ "type": "Feature", "properties": { "osm_id": "5060551054", "code": 5621, "fclass": "bus_stop", "name": "Bus Stop Polduwa" }, "geometry": { "type": "Point", "coordinates": [ 79.9121377, 6.9028946 ] } },
{ "type": "Feature", "properties": { "osm_id": "5178104827", "code": 5621, "fclass": "bus_stop", "name": "Rajagiriya" }, "geometry": { "type": "Point", "coordinates": [ 79.8933462, 6.9081867 ] } },
{ "type": "Feature", "properties": { "osm_id": "5637055000", "code": 5621, "fclass": "bus_stop", "name": "AC Express Route 240 Negombo" }, "geometry": { "type": "Point", "coordinates": [ 79.8555055, 6.9370258 ] } },
{ "type": "Feature", "properties": { "osm_id": "5779913187", "code": 5621, "fclass": "bus_stop", "name": "Colombo Fort Railway Station halt" }, "geometry": { "type": "Point", "coordinates": [ 79.8503843, 6.9340201 ] } },
{ "type": "Feature", "properties": { "osm_id": "10701771262", "code": 5621, "fclass": "bus_stop", "name": null }, "geometry": { "type": "Point", "coordinates": [ 79.8763924, 6.8920985 ] } },
{ "type": "Feature", "properties": { "osm_id": "10704824952", "code": 5621, "fclass": "bus_stop", "name": "Fort-Airport (#187)" }, "geometry": { "type": "Point", "coordinates": [ 79.8470818, 6.934517 ] } },
{ "type": "Feature", "properties": { "osm_id": "10701736365", "code": 5621, "fclass": "bus_stop", "name": null }, "geometry": { "type": "Point", "coordinates": [ 79.8773434, 6.9009873 ] } },
{ "type": "Feature", "properties": { "osm_id": "10701737243", "code": 5621, "fclass": "bus_stop", "name": null }, "geometry": { "type": "Point", "coordinates": [ 79.8774306, 6.9047525 ] } },
{ "type": "Feature", "properties": { "osm_id": "10701738640", "code": 5621, "fclass": "bus_stop", "name": null }, "geometry": { "type": "Point", "coordinates": [ 79.8772034, 6.8964369 ] } },
{ "type": "Feature", "properties": { "osm_id": "10701760705", "code": 5621, "fclass": "bus_stop", "name": null }, "geometry": { "type": "Point", "coordinates": [ 79.8774729, 6.9068508 ] } },
{ "type": "Feature", "properties": { "osm_id": "10692710630", "code": 5621, "fclass": "bus_stop", "name": null }, "geometry": { "type": "Point", "coordinates": [ 79.8622723, 6.9026003 ] } },
{ "type": "Feature", "properties": { "osm_id": "10692735114", "code": 5621, "fclass": "bus_stop", "name": null }, "geometry": { "type": "Point", "coordinates": [ 79.861787, 6.8941136 ] } },
{ "type": "Feature", "properties": { "osm_id": "10692763384", "code": 5621, "fclass": "bus_stop", "name": null }, "geometry": { "type": "Point", "coordinates": [ 79.867742, 6.884379 ] } },
{ "type": "Feature", "properties": { "osm_id": "10701713290", "code": 5621, "fclass": "bus_stop", "name": null }, "geometry": { "type": "Point", "coordinates": [ 79.8773448, 6.9031489 ] } },
{ "type": "Feature", "properties": { "osm_id": "10692710073", "code": 5621, "fclass": "bus_stop", "name": null }, "geometry": { "type": "Point", "coordinates": [ 79.8607419, 6.8988228 ] } },
{ "type": "Feature", "properties": { "osm_id": "10661171218", "code": 5621, "fclass": "bus_stop", "name": null }, "geometry": { "type": "Point", "coordinates": [ 79.8769763, 6.9111821 ] } },
{ "type": "Feature", "properties": { "osm_id": "10682149758", "code": 5621, "fclass": "bus_stop", "name": "Kollupitiya Bus Stop" }, "geometry": { "type": "Point", "coordinates": [ 79.8490613, 6.9111202 ] } },
{ "type": "Feature", "properties": { "osm_id": "10682149761", "code": 5621, "fclass": "bus_stop", "name": "NDB Dharmapala Mawatha Bus Stop" }, "geometry": { "type": "Point", "coordinates": [ 79.8571086, 6.9133637 ] } },
{ "type": "Feature", "properties": { "osm_id": "10661154472", "code": 5621, "fclass": "bus_stop", "name": "House Of Fashion Bus Stop" }, "geometry": { "type": "Point", "coordinates": [ 79.8775794, 6.9104499 ] } },
{ "type": "Feature", "properties": { "osm_id": "10661045864", "code": 5621, "fclass": "bus_stop", "name": "Savoy Bus Stop" }, "geometry": { "type": "Point", "coordinates": [ 79.8600845, 6.8788325 ] } },
{ "type": "Feature", "properties": { "osm_id": "10661045875", "code": 5621, "fclass": "bus_stop", "name": "Wellawate Mosque Bus Stop" }, "geometry": { "type": "Point", "coordinates": [ 79.8605854, 6.8771199 ] } },
{ "type": "Feature", "properties": { "osm_id": "10661045876", "code": 5621, "fclass": "bus_stop", "name": "Wellawatte Market Bus Stop" }, "geometry": { "type": "Point", "coordinates": [ 79.8614314, 6.8743826 ] } },
{ "type": "Feature", "properties": { "osm_id": "10661045877", "code": 5621, "fclass": "bus_stop", "name": "Little Asia Bus Stop" }, "geometry": { "type": "Point", "coordinates": [ 79.8618081, 6.8726109 ] } },
{ "type": "Feature", "properties": { "osm_id": "10661045858", "code": 5621, "fclass": "bus_stop", "name": "Vishaka Bus Stop" }, "geometry": { "type": "Point", "coordinates": [ 79.8583644, 6.8916439 ] } },
{ "type": "Feature", "properties": { "osm_id": "10661045859", "code": 5621, "fclass": "bus_stop", "name": "House Of Fashion Bus Stop" }, "geometry": { "type": "Point", "coordinates": [ 79.8591583, 6.8891444 ] } },
{ "type": "Feature", "properties": { "osm_id": "10661045862", "code": 5621, "fclass": "bus_stop", "name": "Dr Lester James Peries Mawatha Bus Stop" }, "geometry": { "type": "Point", "coordinates": [ 79.8599725, 6.8864854 ] } },
{ "type": "Feature", "properties": { "osm_id": "10661045863", "code": 5621, "fclass": "bus_stop", "name": "Hindu College Bus Stop" }, "geometry": { "type": "Point", "coordinates": [ 79.860814, 6.8841489 ] } },
{ "type": "Feature", "properties": { "osm_id": "11263873747", "code": 5621, "fclass": "bus_stop", "name": null }, "geometry": { "type": "Point", "coordinates": [ 79.9195088, 6.876113 ] } },
{ "type": "Feature", "properties": { "osm_id": "10726982284", "code": 5621, "fclass": "bus_stop", "name": null }, "geometry": { "type": "Point", "coordinates": [ 79.8782123, 6.9320266 ] } },
{ "type": "Feature", "properties": { "osm_id": "10726982285", "code": 5621, "fclass": "bus_stop", "name": null }, "geometry": { "type": "Point", "coordinates": [ 79.8780201, 6.9260068 ] } },
{ "type": "Feature", "properties": { "osm_id": "10726982286", "code": 5621, "fclass": "bus_stop", "name": null }, "geometry": { "type": "Point", "coordinates": [ 79.8779345, 6.9219994 ] } },
{ "type": "Feature", "properties": { "osm_id": "10726982280", "code": 5621, "fclass": "bus_stop", "name": null }, "geometry": { "type": "Point", "coordinates": [ 79.8847763, 6.9555217 ] } },
{ "type": "Feature", "properties": { "osm_id": "10726982281", "code": 5621, "fclass": "bus_stop", "name": null }, "geometry": { "type": "Point", "coordinates": [ 79.8807458, 6.9528399 ] } },
{ "type": "Feature", "properties": { "osm_id": "10726982282", "code": 5621, "fclass": "bus_stop", "name": null }, "geometry": { "type": "Point", "coordinates": [ 79.8786207, 6.9486885 ] } },
{ "type": "Feature", "properties": { "osm_id": "10726982283", "code": 5621, "fclass": "bus_stop", "name": null }, "geometry": { "type": "Point", "coordinates": [ 79.8784176, 6.9423349 ] } },
{ "type": "Feature", "properties": { "osm_id": "10726982278", "code": 5621, "fclass": "bus_stop", "name": null }, "geometry": { "type": "Point", "coordinates": [ 79.8907615, 6.9584415 ] } },
{ "type": "Feature", "properties": { "osm_id": "10726982279", "code": 5621, "fclass": "bus_stop", "name": null }, "geometry": { "type": "Point", "coordinates": [ 79.8871911, 6.9555841 ] } },
{ "type": "Feature", "properties": { "osm_id": "9243218758", "code": 5621, "fclass": "bus_stop", "name": null }, "geometry": { "type": "Point", "coordinates": [ 79.8560722, 6.8984473 ] } },
{ "type": "Feature", "properties": { "osm_id": "8572403328", "code": 5621, "fclass": "bus_stop", "name": "Liberty plaze" }, "geometry": { "type": "Point", "coordinates": [ 79.8522311, 6.9099082 ] } },
{ "type": "Feature", "properties": { "osm_id": "8572366312", "code": 5621, "fclass": "bus_stop", "name": "Kollupitiya Crescat halt" }, "geometry": { "type": "Point", "coordinates": [ 79.8477299, 6.9174392 ] } },
{ "type": "Feature", "properties": { "osm_id": "8572386982", "code": 5621, "fclass": "bus_stop", "name": "President's Office Halt" }, "geometry": { "type": "Point", "coordinates": [ 79.8427211, 6.9296444 ] } },
{ "type": "Feature", "properties": { "osm_id": "8572391911", "code": 5621, "fclass": "bus_stop", "name": "Galle face halt 1" }, "geometry": { "type": "Point", "coordinates": [ 79.8468512, 6.9200288 ] } },
{ "type": "Feature", "properties": { "osm_id": "8572403327", "code": 5621, "fclass": "bus_stop", "name": null }, "geometry": { "type": "Point", "coordinates": [ 79.8490755, 6.9133187 ] } },
{ "type": "Feature", "properties": { "osm_id": "10120299360", "code": 5621, "fclass": "bus_stop", "name": "150" }, "geometry": { "type": "Point", "coordinates": [ 79.8562049, 6.9184355 ] } },
{ "type": "Feature", "properties": { "osm_id": "10015392125", "code": 5621, "fclass": "bus_stop", "name": null }, "geometry": { "type": "Point", "coordinates": [ 79.8894475, 6.9109255 ] } },
{ "type": "Feature", "properties": { "osm_id": "10031343250", "code": 5621, "fclass": "bus_stop", "name": null }, "geometry": { "type": "Point", "coordinates": [ 79.8667559, 6.9169905 ] } },
{ "type": "Feature", "properties": { "osm_id": "9963305718", "code": 5621, "fclass": "bus_stop", "name": "Narahenpita" }, "geometry": { "type": "Point", "coordinates": [ 79.8768632, 6.8918527 ] } },
{ "type": "Feature", "properties": { "osm_id": "9992128480", "code": 5621, "fclass": "bus_stop", "name": "Manning Place halt" }, "geometry": { "type": "Point", "coordinates": [ 79.8615757, 6.8746635 ] } },
{ "type": "Feature", "properties": { "osm_id": "9740487180", "code": 5621, "fclass": "bus_stop", "name": "Pamankada Halt" }, "geometry": { "type": "Point", "coordinates": [ 79.8694597, 6.877401 ] } },
{ "type": "Feature", "properties": { "osm_id": "9491488917", "code": 5621, "fclass": "bus_stop", "name": null }, "geometry": { "type": "Point", "coordinates": [ 79.855834, 6.9336647 ] } },
{ "type": "Feature", "properties": { "osm_id": "10276987730", "code": 5621, "fclass": "bus_stop", "name": null }, "geometry": { "type": "Point", "coordinates": [ 79.8662319, 6.8767474 ] } },
{ "type": "Feature", "properties": { "osm_id": "10276987731", "code": 5621, "fclass": "bus_stop", "name": "Pamankada Halt" }, "geometry": { "type": "Point", "coordinates": [ 79.8694039, 6.8773992 ] } },
{ "type": "Feature", "properties": { "osm_id": "10555764434", "code": 5621, "fclass": "bus_stop", "name": null }, "geometry": { "type": "Point", "coordinates": [ 79.8770511, 6.8895651 ] } },
{ "type": "Feature", "properties": { "osm_id": "10555764436", "code": 5621, "fclass": "bus_stop", "name": null }, "geometry": { "type": "Point", "coordinates": [ 79.8772841, 6.886923 ] } },
{ "type": "Feature", "properties": { "osm_id": "10264692129", "code": 5621, "fclass": "bus_stop", "name": null }, "geometry": { "type": "Point", "coordinates": [ 79.8768827, 6.8877192 ] } },
{ "type": "Feature", "properties": { "osm_id": "10264692131", "code": 5621, "fclass": "bus_stop", "name": null }, "geometry": { "type": "Point", "coordinates": [ 79.8768557, 6.8861631 ] } },
{ "type": "Feature", "properties": { "osm_id": "10264692133", "code": 5621, "fclass": "bus_stop", "name": null }, "geometry": { "type": "Point", "coordinates": [ 79.876068, 6.8825143 ] } },
{ "type": "Feature", "properties": { "osm_id": "10264696073", "code": 5621, "fclass": "bus_stop", "name": "Sigma" }, "geometry": { "type": "Point", "coordinates": [ 79.8702348, 6.8812015 ] } },
{ "type": "Feature", "properties": { "osm_id": "10216150400", "code": 5621, "fclass": "bus_stop", "name": "Kirulapona Market" }, "geometry": { "type": "Point", "coordinates": [ 79.8746687, 6.8785102 ] } },
{ "type": "Feature", "properties": { "osm_id": "10264115326", "code": 5621, "fclass": "bus_stop", "name": "Saphire halt" }, "geometry": { "type": "Point", "coordinates": [ 79.8660696, 6.8766179 ] } },
{ "type": "Feature", "properties": { "osm_id": "10199086278", "code": 5621, "fclass": "bus_stop", "name": null }, "geometry": { "type": "Point", "coordinates": [ 79.8733849, 6.8928641 ] } },
{ "type": "Feature", "properties": { "osm_id": "10135002888", "code": 5621, "fclass": "bus_stop", "name": null }, "geometry": { "type": "Point", "coordinates": [ 79.8586071, 6.9141946 ] } },
{ "type": "Feature", "properties": { "osm_id": "10135024708", "code": 5621, "fclass": "bus_stop", "name": null }, "geometry": { "type": "Point", "coordinates": [ 79.8557823, 6.915835 ] } },
{ "type": "Feature", "properties": { "osm_id": "10661045854", "code": 5621, "fclass": "bus_stop", "name": "Thummulla bus stop" }, "geometry": { "type": "Point", "coordinates": [ 79.860622, 6.8977151 ] } },
{ "type": "Feature", "properties": { "osm_id": "10661045855", "code": 5621, "fclass": "bus_stop", "name": "Thummulla Bus Stop" }, "geometry": { "type": "Point", "coordinates": [ 79.8606563, 6.8976214 ] } },
{ "type": "Feature", "properties": { "osm_id": "10661045856", "code": 5621, "fclass": "bus_stop", "name": null }, "geometry": { "type": "Point", "coordinates": [ 79.8574955, 6.8963192 ] } },
{ "type": "Feature", "properties": { "osm_id": "10661045857", "code": 5621, "fclass": "bus_stop", "name": null }, "geometry": { "type": "Point", "coordinates": [ 79.8578696, 6.8962667 ] } },
{ "type": "Feature", "properties": { "osm_id": "10661045850", "code": 5621, "fclass": "bus_stop", "name": "Torrington Bus Stop" }, "geometry": { "type": "Point", "coordinates": [ 79.8693818, 6.9018326 ] } },
{ "type": "Feature", "properties": { "osm_id": "10661045851", "code": 5621, "fclass": "bus_stop", "name": "Torrington Bus Stop" }, "geometry": { "type": "Point", "coordinates": [ 79.8682763, 6.9014158 ] } },
{ "type": "Feature", "properties": { "osm_id": "10661045852", "code": 5621, "fclass": "bus_stop", "name": "Jawatte Bus Stop" }, "geometry": { "type": "Point", "coordinates": [ 79.8654284, 6.9000654 ] } },
{ "type": "Feature", "properties": { "osm_id": "10661045853", "code": 5621, "fclass": "bus_stop", "name": null }, "geometry": { "type": "Point", "coordinates": [ 79.8645079, 6.8994572 ] } },
{ "type": "Feature", "properties": { "osm_id": "10660932912", "code": 5621, "fclass": "bus_stop", "name": "D S Senanayake College Bus Stop" }, "geometry": { "type": "Point", "coordinates": [ 79.8760374, 6.907934 ] } },
{ "type": "Feature", "properties": { "osm_id": "10660932913", "code": 5621, "fclass": "bus_stop", "name": "D S Senanayake College Bus Stop" }, "geometry": { "type": "Point", "coordinates": [ 79.8760234, 6.9076893 ] } },
{ "type": "Feature", "properties": { "osm_id": "10661045848", "code": 5621, "fclass": "bus_stop", "name": "Wijerama bus stop" }, "geometry": { "type": "Point", "coordinates": [ 79.8741538, 6.906262 ] } },
{ "type": "Feature", "properties": { "osm_id": "10661045849", "code": 5621, "fclass": "bus_stop", "name": "BMICH Bus Stop" }, "geometry": { "type": "Point", "coordinates": [ 79.8731058, 6.905098 ] } },
{ "type": "Feature", "properties": { "osm_id": "10633327884", "code": 5621, "fclass": "bus_stop", "name": "Cinnamon Lakeside Bus Stop" }, "geometry": { "type": "Point", "coordinates": [ 79.8489897, 6.9283732 ] } },
{ "type": "Feature", "properties": { "osm_id": "10633327885", "code": 5621, "fclass": "bus_stop", "name": "Nawaloka Bus stop" }, "geometry": { "type": "Point", "coordinates": [ 79.8532848, 6.9225624 ] } },
{ "type": "Feature", "properties": { "osm_id": "10633327893", "code": 5621, "fclass": "bus_stop", "name": "Ibbanwala Junction Bus Stop" }, "geometry": { "type": "Point", "coordinates": [ 79.861865, 6.918528 ] } },
{ "type": "Feature", "properties": { "osm_id": "10633327894", "code": 5621, "fclass": "bus_stop", "name": null }, "geometry": { "type": "Point", "coordinates": [ 79.8616816, 6.9157225 ] } },
{ "type": "Feature", "properties": { "osm_id": "10633327861", "code": 5621, "fclass": "bus_stop", "name": "Colombo central Bus stand" }, "geometry": { "type": "Point", "coordinates": [ 79.8546349, 6.9343891 ] } },
{ "type": "Feature", "properties": { "osm_id": "10633327862", "code": 5621, "fclass": "bus_stop", "name": null }, "geometry": { "type": "Point", "coordinates": [ 79.847429, 6.9340037 ] } },
{ "type": "Feature", "properties": { "osm_id": "10633327882", "code": 5621, "fclass": "bus_stop", "name": null }, "geometry": { "type": "Point", "coordinates": [ 79.8465008, 6.9333247 ] } },
{ "type": "Feature", "properties": { "osm_id": "10633327883", "code": 5621, "fclass": "bus_stop", "name": null }, "geometry": { "type": "Point", "coordinates": [ 79.8474707, 6.9302774 ] } },
{ "type": "Feature", "properties": { "osm_id": "10605451592", "code": 5621, "fclass": "bus_stop", "name": "Regal Halt" }, "geometry": { "type": "Point", "coordinates": [ 79.8469491, 6.9313543 ] } },
{ "type": "Feature", "properties": { "osm_id": "10605451593", "code": 5621, "fclass": "bus_stop", "name": "Pettah SLT Halt" }, "geometry": { "type": "Point", "coordinates": [ 79.8460338, 6.9340921 ] } },
{ "type": "Feature", "properties": { "osm_id": "10605451598", "code": 5621, "fclass": "bus_stop", "name": "Colombo Central Bus Stand" }, "geometry": { "type": "Point", "coordinates": [ 79.8528805, 6.9349534 ] } },
{ "type": "Feature", "properties": { "osm_id": "10605451599", "code": 5621, "fclass": "bus_stop", "name": "Colombo Fort" }, "geometry": { "type": "Point", "coordinates": [ 79.8566929, 6.9332535 ] } },
{ "type": "Feature", "properties": { "osm_id": "10605451587", "code": 5621, "fclass": "bus_stop", "name": "Dharmapala Mawatha Halt" }, "geometry": { "type": "Point", "coordinates": [ 79.8539891, 6.9126109 ] } },
{ "type": "Feature", "properties": { "osm_id": "10605451589", "code": 5621, "fclass": "bus_stop", "name": "Nawaloka Bus stop" }, "geometry": { "type": "Point", "coordinates": [ 79.8529387, 6.9213764 ] } },
{ "type": "Feature", "properties": { "osm_id": "10605451590", "code": 5621, "fclass": "bus_stop", "name": null }, "geometry": { "type": "Point", "coordinates": [ 79.8504157, 6.9254348 ] } },
{ "type": "Feature", "properties": { "osm_id": "10605451591", "code": 5621, "fclass": "bus_stop", "name": "Cinnamon Lakeside Halt" }, "geometry": { "type": "Point", "coordinates": [ 79.8486542, 6.9285643 ] } },
{ "type": "Feature", "properties": { "osm_id": "10605451586", "code": 5621, "fclass": "bus_stop", "name": "Kollupitiya Market Halt" }, "geometry": { "type": "Point", "coordinates": [ 79.8505475, 6.9119251 ] } },
{ "type": "Feature", "properties": { "osm_id": "2034206226", "code": 5621, "fclass": "bus_stop", "name": null }, "geometry": { "type": "Point", "coordinates": [ 79.8646357, 6.8874804 ] } },
{ "type": "Feature", "properties": { "osm_id": "2142185632", "code": 5621, "fclass": "bus_stop", "name": "Kolonnawa" }, "geometry": { "type": "Point", "coordinates": [ 79.8937044, 6.9329078 ] } },
{ "type": "Feature", "properties": { "osm_id": "2145135233", "code": 5621, "fclass": "bus_stop", "name": null }, "geometry": { "type": "Point", "coordinates": [ 79.8777135, 6.9166097 ] } },
{ "type": "Feature", "properties": { "osm_id": "2145135234", "code": 5621, "fclass": "bus_stop", "name": null }, "geometry": { "type": "Point", "coordinates": [ 79.8746343, 6.9179039 ] } },
{ "type": "Feature", "properties": { "osm_id": "2096504870", "code": 5621, "fclass": "bus_stop", "name": "Demetagoda" }, "geometry": { "type": "Point", "coordinates": [ 79.8781571, 6.9296956 ] } },
{ "type": "Feature", "properties": { "osm_id": "2124718832", "code": 5621, "fclass": "bus_stop", "name": null }, "geometry": { "type": "Point", "coordinates": [ 79.8938737, 6.932362 ] } },
{ "type": "Feature", "properties": { "osm_id": "2096496425", "code": 5621, "fclass": "bus_stop", "name": null }, "geometry": { "type": "Point", "coordinates": [ 79.8855567, 6.9319852 ] } },
{ "type": "Feature", "properties": { "osm_id": "2096504862", "code": 5621, "fclass": "bus_stop", "name": null }, "geometry": { "type": "Point", "coordinates": [ 79.8780375, 6.9315996 ] } },
{ "type": "Feature", "properties": { "osm_id": "2096504865", "code": 5621, "fclass": "bus_stop", "name": null }, "geometry": { "type": "Point", "coordinates": [ 79.8782075, 6.9316124 ] } },
{ "type": "Feature", "properties": { "osm_id": "2096504867", "code": 5621, "fclass": "bus_stop", "name": null }, "geometry": { "type": "Point", "coordinates": [ 79.8786205, 6.9312237 ] } },
{ "type": "Feature", "properties": { "osm_id": "2096489071", "code": 5621, "fclass": "bus_stop", "name": null }, "geometry": { "type": "Point", "coordinates": [ 79.8885072, 6.9327307 ] } },
{ "type": "Feature", "properties": { "osm_id": "2096489076", "code": 5621, "fclass": "bus_stop", "name": null }, "geometry": { "type": "Point", "coordinates": [ 79.8957729, 6.9375973 ] } },
{ "type": "Feature", "properties": { "osm_id": "2096489081", "code": 5621, "fclass": "bus_stop", "name": "Kolonnawa" }, "geometry": { "type": "Point", "coordinates": [ 79.891479, 6.932587 ] } },
{ "type": "Feature", "properties": { "osm_id": "2096489085", "code": 5621, "fclass": "bus_stop", "name": null }, "geometry": { "type": "Point", "coordinates": [ 79.8862058, 6.932161 ] } },
{ "type": "Feature", "properties": { "osm_id": "2096489057", "code": 5621, "fclass": "bus_stop", "name": null }, "geometry": { "type": "Point", "coordinates": [ 79.8918438, 6.9324272 ] } },
{ "type": "Feature", "properties": { "osm_id": "2096489062", "code": 5621, "fclass": "bus_stop", "name": null }, "geometry": { "type": "Point", "coordinates": [ 79.8889685, 6.932539 ] } },
{ "type": "Feature", "properties": { "osm_id": "2096489066", "code": 5621, "fclass": "bus_stop", "name": null }, "geometry": { "type": "Point", "coordinates": [ 79.8954648, 6.9362986 ] } },
{ "type": "Feature", "properties": { "osm_id": "2071121697", "code": 5621, "fclass": "bus_stop", "name": "Regal Cinema bus stop" }, "geometry": { "type": "Point", "coordinates": [ 79.847143, 6.9314341 ] } },
{ "type": "Feature", "properties": { "osm_id": "2527554309", "code": 5621, "fclass": "bus_stop", "name": "Jayamangala Mawatha, Bus Stop" }, "geometry": { "type": "Point", "coordinates": [ 79.8991848, 6.8753711 ] } },
{ "type": "Feature", "properties": { "osm_id": "2376285714", "code": 5621, "fclass": "bus_stop", "name": null }, "geometry": { "type": "Point", "coordinates": [ 79.8637761, 6.9095616 ] } },
{ "type": "Feature", "properties": { "osm_id": "2376285720", "code": 5621, "fclass": "bus_stop", "name": null }, "geometry": { "type": "Point", "coordinates": [ 79.8570239, 6.9131912 ] } },
{ "type": "Feature", "properties": { "osm_id": "619956281", "code": 5621, "fclass": "bus_stop", "name": "Udahamulla Depot" }, "geometry": { "type": "Point", "coordinates": [ 79.911971, 6.8651121 ] } },
{ "type": "Feature", "properties": { "osm_id": "11668743944", "code": 5621, "fclass": "bus_stop", "name": "Kattiya Junction Bus Stop" }, "geometry": { "type": "Point", "coordinates": [ 79.8978595, 6.8692248 ] } },
{ "type": "Feature", "properties": { "osm_id": "11668743945", "code": 5621, "fclass": "bus_stop", "name": "Kattiya Junction Bus Stop" }, "geometry": { "type": "Point", "coordinates": [ 79.8977344, 6.8694927 ] } },
{ "type": "Feature", "properties": { "osm_id": "976675993", "code": 5621, "fclass": "bus_stop", "name": null }, "geometry": { "type": "Point", "coordinates": [ 79.8880487, 6.8694946 ] } },
{ "type": "Feature", "properties": { "osm_id": "1665607802", "code": 5621, "fclass": "bus_stop", "name": "Pathiragoda" }, "geometry": { "type": "Point", "coordinates": [ 79.9170594, 6.8568232 ] } },
{ "type": "Feature", "properties": { "osm_id": "1661966156", "code": 5621, "fclass": "bus_stop", "name": "Nugegoda" }, "geometry": { "type": "Point", "coordinates": [ 79.8900597, 6.8690559 ] } },
{ "type": "Feature", "properties": { "osm_id": "1530580860", "code": 5621, "fclass": "bus_stop", "name": null }, "geometry": { "type": "Point", "coordinates": [ 79.8761673, 6.8665789 ] } },
{ "type": "Feature", "properties": { "osm_id": "3772796599", "code": 5621, "fclass": "bus_stop", "name": null }, "geometry": { "type": "Point", "coordinates": [ 79.8797344, 6.8661542 ] } },
{ "type": "Feature", "properties": { "osm_id": "3772760689", "code": 5621, "fclass": "bus_stop", "name": null }, "geometry": { "type": "Point", "coordinates": [ 79.8818825, 6.8606142 ] } },
{ "type": "Feature", "properties": { "osm_id": "3772793992", "code": 5621, "fclass": "bus_stop", "name": null }, "geometry": { "type": "Point", "coordinates": [ 79.8821345, 6.8558984 ] } },
{ "type": "Feature", "properties": { "osm_id": "3772794107", "code": 5621, "fclass": "bus_stop", "name": null }, "geometry": { "type": "Point", "coordinates": [ 79.8818749, 6.8579721 ] } },
{ "type": "Feature", "properties": { "osm_id": "3772795037", "code": 5621, "fclass": "bus_stop", "name": null }, "geometry": { "type": "Point", "coordinates": [ 79.8821307, 6.8559866 ] } },
{ "type": "Feature", "properties": { "osm_id": "8557817533", "code": 5621, "fclass": "bus_stop", "name": "Willium Junction" }, "geometry": { "type": "Point", "coordinates": [ 79.8641387, 6.8606225 ] } },
{ "type": "Feature", "properties": { "osm_id": "8557846017", "code": 5621, "fclass": "bus_stop", "name": "Roxi film hall halt" }, "geometry": { "type": "Point", "coordinates": [ 79.863177, 6.8651652 ] } },
{ "type": "Feature", "properties": { "osm_id": "8557846018", "code": 5621, "fclass": "bus_stop", "name": "Wellawatte Arpico halt" }, "geometry": { "type": "Point", "coordinates": [ 79.8624659, 6.8683204 ] } },
{ "type": "Feature", "properties": { "osm_id": "8557817532", "code": 5621, "fclass": "bus_stop", "name": "Waydya Road halt" }, "geometry": { "type": "Point", "coordinates": [ 79.8648665, 6.8575069 ] } },
{ "type": "Feature", "properties": { "osm_id": "10661045878", "code": 5621, "fclass": "bus_stop", "name": "Nithyakalyani Jewellery Bus Stop" }, "geometry": { "type": "Point", "coordinates": [ 79.8628585, 6.8670885 ] } },
{ "type": "Feature", "properties": { "osm_id": "10661045879", "code": 5621, "fclass": "bus_stop", "name": "William Junction" }, "geometry": { "type": "Point", "coordinates": [ 79.8635756, 6.8639742 ] } },
{ "type": "Feature", "properties": { "osm_id": "10661045880", "code": 5621, "fclass": "bus_stop", "name": null }, "geometry": { "type": "Point", "coordinates": [ 79.864224, 6.8608927 ] } },
{ "type": "Feature", "properties": { "osm_id": "10112922222", "code": 5621, "fclass": "bus_stop", "name": "Mangala Halt" }, "geometry": { "type": "Point", "coordinates": [ 79.8623961, 6.8693304 ] } },
{ "type": "Feature", "properties": { "osm_id": "2046084565", "code": 5621, "fclass": "bus_stop", "name": "Nugegoda" }, "geometry": { "type": "Point", "coordinates": [ 79.8901108, 6.869201 ] } },
{ "type": "Feature", "properties": { "osm_id": "12402598680", "code": 5621, "fclass": "bus_stop", "name": "Dehiwala Bus Stop" }, "geometry": { "type": "Point", "coordinates": [ 79.8650205, 6.8512749 ] } },
{ "type": "Feature", "properties": { "osm_id": "12402598681", "code": 5621, "fclass": "bus_stop", "name": null }, "geometry": { "type": "Point", "coordinates": [ 79.8664065, 6.8512811 ] } },
{ "type": "Feature", "properties": { "osm_id": "617203258", "code": 5621, "fclass": "bus_stop", "name": "Pelawatte" }, "geometry": { "type": "Point", "coordinates": [ 79.9288928, 6.8905073 ] } },
{ "type": "Feature", "properties": { "osm_id": "11777946526", "code": 5621, "fclass": "bus_stop", "name": null }, "geometry": { "type": "Point", "coordinates": [ 79.9442402, 6.879238 ] } },
{ "type": "Feature", "properties": { "osm_id": "11470088403", "code": 5621, "fclass": "bus_stop", "name": null }, "geometry": { "type": "Point", "coordinates": [ 79.9494845, 6.8462019 ] } },
{ "type": "Feature", "properties": { "osm_id": "11668731835", "code": 5621, "fclass": "bus_stop", "name": "Bakery Junction" }, "geometry": { "type": "Point", "coordinates": [ 79.8854111, 6.8320346 ] } },
{ "type": "Feature", "properties": { "osm_id": "11470088401", "code": 5621, "fclass": "bus_stop", "name": null }, "geometry": { "type": "Point", "coordinates": [ 79.9432245, 6.8452484 ] } },
{ "type": "Feature", "properties": { "osm_id": "11470088402", "code": 5621, "fclass": "bus_stop", "name": null }, "geometry": { "type": "Point", "coordinates": [ 79.9492158, 6.846181 ] } },
{ "type": "Feature", "properties": { "osm_id": "621917718", "code": 5621, "fclass": "bus_stop", "name": "Mount Lavinia" }, "geometry": { "type": "Point", "coordinates": [ 79.8672498, 6.8335379 ] } },
{ "type": "Feature", "properties": { "osm_id": "1662166661", "code": 5621, "fclass": "bus_stop", "name": "Maharagama" }, "geometry": { "type": "Point", "coordinates": [ 79.9261907, 6.8480074 ] } },
{ "type": "Feature", "properties": { "osm_id": "1664611741", "code": 5621, "fclass": "bus_stop", "name": "Mount Lavinia" }, "geometry": { "type": "Point", "coordinates": [ 79.8673945, 6.8352314 ] } },
{ "type": "Feature", "properties": { "osm_id": "1643862630", "code": 5621, "fclass": "bus_stop", "name": "Templers Road" }, "geometry": { "type": "Point", "coordinates": [ 79.8682418, 6.8295398 ] } },
{ "type": "Feature", "properties": { "osm_id": "1652449029", "code": 5621, "fclass": "bus_stop", "name": "Maharagama Bus Stand" }, "geometry": { "type": "Point", "coordinates": [ 79.9277078, 6.8464147 ] } },
{ "type": "Feature", "properties": { "osm_id": "1659163617", "code": 5621, "fclass": "bus_stop", "name": "Hotel Road halt" }, "geometry": { "type": "Point", "coordinates": [ 79.8668469, 6.8419713 ] } },
{ "type": "Feature", "properties": { "osm_id": "4142166091", "code": 5621, "fclass": "bus_stop", "name": null }, "geometry": { "type": "Point", "coordinates": [ 79.8673845, 6.8375563 ] } },
{ "type": "Feature", "properties": { "osm_id": "4142166191", "code": 5621, "fclass": "bus_stop", "name": null }, "geometry": { "type": "Point", "coordinates": [ 79.8662705, 6.8445882 ] } },
{ "type": "Feature", "properties": { "osm_id": "3884170589", "code": 5621, "fclass": "bus_stop", "name": "Sal gas handiya bus stop" }, "geometry": { "type": "Point", "coordinates": [ 79.9429341, 6.8112474 ] } },
{ "type": "Feature", "properties": { "osm_id": "3884173224", "code": 5621, "fclass": "bus_stop", "name": "Dole kanatta bus stop" }, "geometry": { "type": "Point", "coordinates": [ 79.9394384, 6.8107042 ] } },
{ "type": "Feature", "properties": { "osm_id": "3773070276", "code": 5621, "fclass": "bus_stop", "name": "Karagampitiya" }, "geometry": { "type": "Point", "coordinates": [ 79.8720234, 6.8504176 ] } },
{ "type": "Feature", "properties": { "osm_id": "6380250681", "code": 5621, "fclass": "bus_stop", "name": null }, "geometry": { "type": "Point", "coordinates": [ 79.9320419, 6.8851866 ] } },
{ "type": "Feature", "properties": { "osm_id": "6373886611", "code": 5621, "fclass": "bus_stop", "name": "Wickramasinghepura Junction" }, "geometry": { "type": "Point", "coordinates": [ 79.9343704, 6.8802702 ] } },
{ "type": "Feature", "properties": { "osm_id": "6373886619", "code": 5621, "fclass": "bus_stop", "name": null }, "geometry": { "type": "Point", "coordinates": [ 79.9348151, 6.8759376 ] } },
{ "type": "Feature", "properties": { "osm_id": "6337796340", "code": 5621, "fclass": "bus_stop", "name": null }, "geometry": { "type": "Point", "coordinates": [ 79.9347548, 6.8756915 ] } },
{ "type": "Feature", "properties": { "osm_id": "6560239668", "code": 5621, "fclass": "bus_stop", "name": null }, "geometry": { "type": "Point", "coordinates": [ 79.878912, 6.8144513 ] } },
{ "type": "Feature", "properties": { "osm_id": "6548787828", "code": 5621, "fclass": "bus_stop", "name": null }, "geometry": { "type": "Point", "coordinates": [ 79.9362533, 6.8243133 ] } },
{ "type": "Feature", "properties": { "osm_id": "6548796234", "code": 5621, "fclass": "bus_stop", "name": null }, "geometry": { "type": "Point", "coordinates": [ 79.9395102, 6.810875 ] } },
{ "type": "Feature", "properties": { "osm_id": "8551977064", "code": 5621, "fclass": "bus_stop", "name": null }, "geometry": { "type": "Point", "coordinates": [ 79.8750765, 6.817339 ] } },
{ "type": "Feature", "properties": { "osm_id": "8552319907", "code": 5621, "fclass": "bus_stop", "name": null }, "geometry": { "type": "Point", "coordinates": [ 79.8712851, 6.8225851 ] } },
{ "type": "Feature", "properties": { "osm_id": "8557668832", "code": 5621, "fclass": "bus_stop", "name": null }, "geometry": { "type": "Point", "coordinates": [ 79.8735358, 6.8194095 ] } },
{ "type": "Feature", "properties": { "osm_id": "8557817527", "code": 5621, "fclass": "bus_stop", "name": "Mount Lavinia Police Station halt" }, "geometry": { "type": "Point", "coordinates": [ 79.8697525, 6.8254423 ] } },
{ "type": "Feature", "properties": { "osm_id": "8551976850", "code": 5621, "fclass": "bus_stop", "name": null }, "geometry": { "type": "Point", "coordinates": [ 79.8823631, 6.810597 ] } },
{ "type": "Feature", "properties": { "osm_id": "8551924668", "code": 5621, "fclass": "bus_stop", "name": null }, "geometry": { "type": "Point", "coordinates": [ 79.8838126, 6.8080034 ] } },
{ "type": "Feature", "properties": { "osm_id": "8570801614", "code": 5621, "fclass": "bus_stop", "name": "Maliban Junction" }, "geometry": { "type": "Point", "coordinates": [ 79.873627, 6.8194686 ] } },
{ "type": "Feature", "properties": { "osm_id": "8570801615", "code": 5621, "fclass": "bus_stop", "name": "vijitha film hall halt" }, "geometry": { "type": "Point", "coordinates": [ 79.8751325, 6.8173828 ] } },
{ "type": "Feature", "properties": { "osm_id": "8572280708", "code": 5621, "fclass": "bus_stop", "name": "Dehiwala Junction" }, "geometry": { "type": "Point", "coordinates": [ 79.8658814, 6.8518203 ] } },
{ "type": "Feature", "properties": { "osm_id": "8570714840", "code": 5621, "fclass": "bus_stop", "name": "Belek kade" }, "geometry": { "type": "Point", "coordinates": [ 79.8789856, 6.8144994 ] } },
{ "type": "Feature", "properties": { "osm_id": "8570788949", "code": 5621, "fclass": "bus_stop", "name": "Golumadama Sathosa" }, "geometry": { "type": "Point", "coordinates": [ 79.8824371, 6.8105979 ] } },
{ "type": "Feature", "properties": { "osm_id": "8570801612", "code": 5621, "fclass": "bus_stop", "name": null }, "geometry": { "type": "Point", "coordinates": [ 79.8714131, 6.8226593 ] } },
{ "type": "Feature", "properties": { "osm_id": "8570801613", "code": 5621, "fclass": "bus_stop", "name": "Dharmarama Temple Road halt" }, "geometry": { "type": "Point", "coordinates": [ 79.8713361, 6.8225983 ] } },
{ "type": "Feature", "properties": { "osm_id": "8562603693", "code": 5621, "fclass": "bus_stop", "name": "Golumadama halt" }, "geometry": { "type": "Point", "coordinates": [ 79.8839023, 6.8080465 ] } },
{ "type": "Feature", "properties": { "osm_id": "8557817529", "code": 5621, "fclass": "bus_stop", "name": "Mount Lavinia Junction" }, "geometry": { "type": "Point", "coordinates": [ 79.8673693, 6.8331765 ] } },
{ "type": "Feature", "properties": { "osm_id": "8557817530", "code": 5621, "fclass": "bus_stop", "name": "Mount Lavinia Magistrate-court" }, "geometry": { "type": "Point", "coordinates": [ 79.867428, 6.8375622 ] } },
{ "type": "Feature", "properties": { "osm_id": "8557817531", "code": 5621, "fclass": "bus_stop", "name": "Hotel Road halt" }, "geometry": { "type": "Point", "coordinates": [ 79.867214, 6.8407604 ] } },
{ "type": "Feature", "properties": { "osm_id": "5178213625", "code": 5621, "fclass": "bus_stop", "name": "2nd Lane" }, "geometry": { "type": "Point", "coordinates": [ 79.9454734, 6.8664966 ] } },
{ "type": "Feature", "properties": { "osm_id": "9370127632", "code": 5621, "fclass": "bus_stop", "name": null }, "geometry": { "type": "Point", "coordinates": [ 79.9412124, 6.8690379 ] } },
{ "type": "Feature", "properties": { "osm_id": "10603951649", "code": 5621, "fclass": "bus_stop", "name": "Hotel Road halt" }, "geometry": { "type": "Point", "coordinates": [ 79.8672826, 6.8407913 ] } },
{ "type": "Feature", "properties": { "osm_id": "10603977917", "code": 5621, "fclass": "bus_stop", "name": "Dharmarama Temple Road halt" }, "geometry": { "type": "Point", "coordinates": [ 79.871402, 6.8226232 ] } },
{ "type": "Feature", "properties": { "osm_id": "10603977952", "code": 5621, "fclass": "bus_stop", "name": "Mount Lavinia Police Station halt" }, "geometry": { "type": "Point", "coordinates": [ 79.8698326, 6.8254677 ] } },
{ "type": "Feature", "properties": { "osm_id": "10603977971", "code": 5621, "fclass": "bus_stop", "name": "Mount Lavinia Junction" }, "geometry": { "type": "Point", "coordinates": [ 79.8673081, 6.8331777 ] } },
{ "type": "Feature", "properties": { "osm_id": "10605365166", "code": 5621, "fclass": "bus_stop", "name": "Cargills Food City Ratmalana" }, "geometry": { "type": "Point", "coordinates": [ 79.8688536, 6.8276844 ] } },
{ "type": "Feature", "properties": { "osm_id": "10605417758", "code": 5621, "fclass": "bus_stop", "name": null }, "geometry": { "type": "Point", "coordinates": [ 79.8659654, 6.8488504 ] } },
{ "type": "Feature", "properties": { "osm_id": "10605417759", "code": 5621, "fclass": "bus_stop", "name": null }, "geometry": { "type": "Point", "coordinates": [ 79.8676676, 6.8308008 ] } },
{ "type": "Feature", "properties": { "osm_id": "2045920416", "code": 5621, "fclass": "bus_stop", "name": "Moraketiya" }, "geometry": { "type": "Point", "coordinates": [ 79.9523451, 6.8458168 ] } },
{ "type": "Feature", "properties": { "osm_id": "2045924568", "code": 5621, "fclass": "bus_stop", "name": "Pannipitiya" }, "geometry": { "type": "Point", "coordinates": [ 79.9495451, 6.8462668 ] } },
{ "type": "Feature", "properties": { "osm_id": "2045926412", "code": 5621, "fclass": "bus_stop", "name": null }, "geometry": { "type": "Point", "coordinates": [ 79.9432726, 6.8451924 ] } },
{ "type": "Feature", "properties": { "osm_id": "1871536990", "code": 5621, "fclass": "bus_stop", "name": null }, "geometry": { "type": "Point", "coordinates": [ 79.9493113, 6.8461195 ] } },
{ "type": "Feature", "properties": { "osm_id": "1916613163", "code": 5621, "fclass": "bus_stop", "name": "Ananda Maithree Mawatha" }, "geometry": { "type": "Point", "coordinates": [ 79.9387849, 6.8453475 ] } },
{ "type": "Feature", "properties": { "osm_id": "2045927901", "code": 5621, "fclass": "bus_stop", "name": null }, "geometry": { "type": "Point", "coordinates": [ 79.9433865, 6.8452921 ] } },
{ "type": "Feature", "properties": { "osm_id": "2045934547", "code": 5621, "fclass": "bus_stop", "name": "Maharagama" }, "geometry": { "type": "Point", "coordinates": [ 79.9283849, 6.8459659 ] } },
{ "type": "Feature", "properties": { "osm_id": "2045936107", "code": 5621, "fclass": "bus_stop", "name": "Maharagama" }, "geometry": { "type": "Point", "coordinates": [ 79.929895, 6.8454439 ] } },
{ "type": "Feature", "properties": { "osm_id": "2046136875", "code": 5621, "fclass": "bus_stop", "name": null }, "geometry": { "type": "Point", "coordinates": [ 79.9325809, 6.8446559 ] } },
{ "type": "Feature", "properties": { "osm_id": "2046131921", "code": 5621, "fclass": "bus_stop", "name": null }, "geometry": { "type": "Point", "coordinates": [ 79.9380414, 6.8455375 ] } },
{ "type": "Feature", "properties": { "osm_id": "2046134098", "code": 5621, "fclass": "bus_stop", "name": null }, "geometry": { "type": "Point", "coordinates": [ 79.9343029, 6.8446798 ] } },
{ "type": "Feature", "properties": { "osm_id": "2046134099", "code": 5621, "fclass": "bus_stop", "name": "Opposite NIE" }, "geometry": { "type": "Point", "coordinates": [ 79.9327737, 6.8447754 ] } },
{ "type": "Feature", "properties": { "osm_id": "2046135004", "code": 5621, "fclass": "bus_stop", "name": "Opposite Dharmasoka Primary" }, "geometry": { "type": "Point", "coordinates": [ 79.9352634, 6.8452071 ] } },
{ "type": "Feature", "properties": { "osm_id": "10726982277", "code": 5621, "fclass": "bus_stop", "name": null }, "geometry": { "type": "Point", "coordinates": [ 79.8942432, 6.9618067 ] } },
{ "type": "Feature", "properties": { "osm_id": "3967450135", "code": 5621, "fclass": "bus_stop", "name": null }, "geometry": { "type": "Point", "coordinates": [ 79.9319478, 6.9075061 ] } },
{ "type": "Feature", "properties": { "osm_id": "13095354473", "code": 5621, "fclass": "bus_stop", "name": null }, "geometry": { "type": "Point", "coordinates": [ 79.8330607, 6.9312222 ] } },
{ "type": "Feature", "properties": { "osm_id": "5052559021", "code": 5621, "fclass": "bus_stop", "name": "Pattiya Junction Bus Stop" }, "geometry": { "type": "Point", "coordinates": [ 79.8948687, 6.9626762 ] } },
{ "type": "Feature", "properties": { "osm_id": "1815546247", "code": 5621, "fclass": "bus_stop", "name": "Bank Junction" }, "geometry": { "type": "Point", "coordinates": [ 79.9404213, 6.9270249 ] } },
{ "type": "Feature", "properties": { "osm_id": "1815546267", "code": 5621, "fclass": "bus_stop", "name": "Mulleriyawa Hospital" }, "geometry": { "type": "Point", "coordinates": [ 79.9403436, 6.9246232 ] } },
{ "type": "Feature", "properties": { "osm_id": "1815546342", "code": 5621, "fclass": "bus_stop", "name": "Rubergasmol Junction" }, "geometry": { "type": "Point", "coordinates": [ 79.9404938, 6.9225011 ] } },
{ "type": "Feature", "properties": { "osm_id": "621190909", "code": 5621, "fclass": "bus_stop", "name": "Salmal Uyana" }, "geometry": { "type": "Point", "coordinates": [ 79.9518751, 6.9226666 ] } },
{ "type": "Feature", "properties": { "osm_id": "844674883", "code": 5621, "fclass": "bus_stop", "name": "Kiribathgoda YMCA" }, "geometry": { "type": "Point", "coordinates": [ 79.9298451, 6.9811215 ] } },
{ "type": "Feature", "properties": { "osm_id": "1815546398", "code": 5621, "fclass": "bus_stop", "name": "Sunflower Village" }, "geometry": { "type": "Point", "coordinates": [ 79.9417625, 6.9223306 ] } },
{ "type": "Feature", "properties": { "osm_id": "3498618709", "code": 5621, "fclass": "bus_stop", "name": null }, "geometry": { "type": "Point", "coordinates": [ 79.9508192, 6.9742894 ] } },
{ "type": "Feature", "properties": { "osm_id": "3498618710", "code": 5621, "fclass": "bus_stop", "name": null }, "geometry": { "type": "Point", "coordinates": [ 79.9471672, 6.9764124 ] } },
{ "type": "Feature", "properties": { "osm_id": "3498618711", "code": 5621, "fclass": "bus_stop", "name": null }, "geometry": { "type": "Point", "coordinates": [ 79.9325502, 6.9767276 ] } },
{ "type": "Feature", "properties": { "osm_id": "6382587155", "code": 5621, "fclass": "bus_stop", "name": "Kelani Campus" }, "geometry": { "type": "Point", "coordinates": [ 79.916883, 6.9718519 ] } },
{ "type": "Feature", "properties": { "osm_id": "6382587156", "code": 5621, "fclass": "bus_stop", "name": "Kelani Campus" }, "geometry": { "type": "Point", "coordinates": [ 79.9170426, 6.9723431 ] } },
{ "type": "Feature", "properties": { "osm_id": "5277526012", "code": 5621, "fclass": "bus_stop", "name": "Akbar Town Bus Stop" }, "geometry": { "type": "Point", "coordinates": [ 79.9094295, 6.9914777 ] } },
{ "type": "Feature", "properties": { "osm_id": "10708633314", "code": 5621, "fclass": "bus_stop", "name": null }, "geometry": { "type": "Point", "coordinates": [ 79.9295627, 6.9804797 ] } },
{ "type": "Feature", "properties": { "osm_id": "10708633324", "code": 5621, "fclass": "bus_stop", "name": null }, "geometry": { "type": "Point", "coordinates": [ 79.9266584, 6.9775019 ] } },
{ "type": "Feature", "properties": { "osm_id": "10726982262", "code": 5621, "fclass": "bus_stop", "name": null }, "geometry": { "type": "Point", "coordinates": [ 79.9130438, 6.9694496 ] } },
{ "type": "Feature", "properties": { "osm_id": "10726982263", "code": 5621, "fclass": "bus_stop", "name": null }, "geometry": { "type": "Point", "coordinates": [ 79.9109118, 6.9684942 ] } },
{ "type": "Feature", "properties": { "osm_id": "10726982264", "code": 5621, "fclass": "bus_stop", "name": null }, "geometry": { "type": "Point", "coordinates": [ 79.9064647, 6.9671177 ] } },
{ "type": "Feature", "properties": { "osm_id": "10726982267", "code": 5621, "fclass": "bus_stop", "name": null }, "geometry": { "type": "Point", "coordinates": [ 79.9040656, 6.9676946 ] } },
{ "type": "Feature", "properties": { "osm_id": "10726982260", "code": 5621, "fclass": "bus_stop", "name": null }, "geometry": { "type": "Point", "coordinates": [ 79.9221352, 6.9740182 ] } },
{ "type": "Feature", "properties": { "osm_id": "10726982261", "code": 5621, "fclass": "bus_stop", "name": null }, "geometry": { "type": "Point", "coordinates": [ 79.9200575, 6.973361 ] } },
{ "type": "Feature", "properties": { "osm_id": "10726982276", "code": 5621, "fclass": "bus_stop", "name": null }, "geometry": { "type": "Point", "coordinates": [ 79.900891, 6.9671495 ] } },
{ "type": "Feature", "properties": { "osm_id": "3975217343", "code": 5621, "fclass": "bus_stop", "name": "255" }, "geometry": { "type": "Point", "coordinates": [ 79.9005337, 6.7950295 ] } },
{ "type": "Feature", "properties": { "osm_id": "2678392049", "code": 5621, "fclass": "bus_stop", "name": null }, "geometry": { "type": "Point", "coordinates": [ 79.8997391, 6.7954285 ] } },
{ "type": "Feature", "properties": { "osm_id": "8551950688", "code": 5621, "fclass": "bus_stop", "name": null }, "geometry": { "type": "Point", "coordinates": [ 79.8872163, 6.7938655 ] } },
{ "type": "Feature", "properties": { "osm_id": "8551955236", "code": 5621, "fclass": "bus_stop", "name": "German Tech Halt" }, "geometry": { "type": "Point", "coordinates": [ 79.8876012, 6.8028482 ] } },
{ "type": "Feature", "properties": { "osm_id": "8551956898", "code": 5621, "fclass": "bus_stop", "name": "Soysa Flat Halt" }, "geometry": { "type": "Point", "coordinates": [ 79.8858722, 6.8053276 ] } },
{ "type": "Feature", "properties": { "osm_id": "8550525680", "code": 5621, "fclass": "bus_stop", "name": "Rawatawatta" }, "geometry": { "type": "Point", "coordinates": [ 79.8846582, 6.7869987 ] } },
{ "type": "Feature", "properties": { "osm_id": "8551898107", "code": 5621, "fclass": "bus_stop", "name": null }, "geometry": { "type": "Point", "coordinates": [ 79.8859029, 6.7904026 ] } },
{ "type": "Feature", "properties": { "osm_id": "8551945231", "code": 5621, "fclass": "bus_stop", "name": null }, "geometry": { "type": "Point", "coordinates": [ 79.8882945, 6.7997439 ] } },
{ "type": "Feature", "properties": { "osm_id": "8549561428", "code": 5621, "fclass": "bus_stop", "name": "Moratuwa Express Bus Stand" }, "geometry": { "type": "Point", "coordinates": [ 79.8822431, 6.7775175 ] } },
{ "type": "Feature", "properties": { "osm_id": "8572205189", "code": 5621, "fclass": "bus_stop", "name": "Mallika Bekeriya halt" }, "geometry": { "type": "Point", "coordinates": [ 79.8884318, 6.799306 ] } },
{ "type": "Feature", "properties": { "osm_id": "10082033421", "code": 5621, "fclass": "bus_stop", "name": "Mendis Lane Halt" }, "geometry": { "type": "Point", "coordinates": [ 79.884181, 6.7835493 ] } },
{ "type": "Feature", "properties": { "osm_id": "10082033518", "code": 5621, "fclass": "bus_stop", "name": null }, "geometry": { "type": "Point", "coordinates": [ 79.884694, 6.7862949 ] } },
{ "type": "Feature", "properties": { "osm_id": "10082032631", "code": 5621, "fclass": "bus_stop", "name": "Kurusa Junction Bus Stop" }, "geometry": { "type": "Point", "coordinates": [ 79.8832732, 6.7804359 ] } },
{ "type": "Feature", "properties": { "osm_id": "10082032632", "code": 5621, "fclass": "bus_stop", "name": null }, "geometry": { "type": "Point", "coordinates": [ 79.8841703, 6.7825662 ] } },
{ "type": "Feature", "properties": { "osm_id": "10603951617", "code": 5621, "fclass": "bus_stop", "name": "Moratuwa Cross Junction Halt" }, "geometry": { "type": "Point", "coordinates": [ 79.8824868, 6.7787333 ] } },
{ "type": "Feature", "properties": { "osm_id": "10603951619", "code": 5621, "fclass": "bus_stop", "name": "Prince Of Wales College Moratuwa" }, "geometry": { "type": "Point", "coordinates": [ 79.8844862, 6.7860987 ] } },
{ "type": "Feature", "properties": { "osm_id": "10204231718", "code": 5621, "fclass": "bus_stop", "name": null }, "geometry": { "type": "Point", "coordinates": [ 79.8830995, 6.7778201 ] } },
{ "type": "Feature", "properties": { "osm_id": "10204206618", "code": 5621, "fclass": "bus_stop", "name": null }, "geometry": { "type": "Point", "coordinates": [ 79.8832625, 6.7770654 ] } },
{ "type": "Feature", "properties": { "osm_id": "2419090150", "code": 5621, "fclass": "bus_stop", "name": "255" }, "geometry": { "type": "Point", "coordinates": [ 79.900953, 6.79493 ] } },
{ "type": "Feature", "properties": { "osm_id": "2419091357", "code": 5621, "fclass": "bus_stop", "name": null }, "geometry": { "type": "Point", "coordinates": [ 79.8882834, 6.7966209 ] } },
{ "type": "Feature", "properties": { "osm_id": "976675996", "code": 5621, "fclass": "bus_stop", "name": null }, "geometry": { "type": "Point", "coordinates": [ 79.9439035, 6.9086816 ] } },
{ "type": "Feature", "properties": { "osm_id": "969843948", "code": 5621, "fclass": "bus_stop", "name": null }, "geometry": { "type": "Point", "coordinates": [ 79.9495513, 6.90521 ] } },
{ "type": "Feature", "properties": { "osm_id": "969843952", "code": 5621, "fclass": "bus_stop", "name": null }, "geometry": { "type": "Point", "coordinates": [ 79.9501918, 6.904937 ] } },
{ "type": "Feature", "properties": { "osm_id": "970371463", "code": 5621, "fclass": "bus_stop", "name": "Thalahena" }, "geometry": { "type": "Point", "coordinates": [ 79.9451386, 6.9079798 ] } },
{ "type": "Feature", "properties": { "osm_id": "972527156", "code": 5621, "fclass": "bus_stop", "name": null }, "geometry": { "type": "Point", "coordinates": [ 79.9537513, 6.9044969 ] } },
{ "type": "Feature", "properties": { "osm_id": "969843920", "code": 5621, "fclass": "bus_stop", "name": "177 bus stop" }, "geometry": { "type": "Point", "coordinates": [ 79.9532658, 6.9045555 ] } },
{ "type": "Feature", "properties": { "osm_id": "1815546568", "code": 5621, "fclass": "bus_stop", "name": "Pinthaliya Junction" }, "geometry": { "type": "Point", "coordinates": [ 79.942207, 6.9185746 ] } },
{ "type": "Feature", "properties": { "osm_id": "3961467852", "code": 5621, "fclass": "bus_stop", "name": null }, "geometry": { "type": "Point", "coordinates": [ 79.9918675, 6.9028521 ] } },
{ "type": "Feature", "properties": { "osm_id": "4242158413", "code": 5621, "fclass": "bus_stop", "name": "Mihindu mawatha Bus stop,Arangala" }, "geometry": { "type": "Point", "coordinates": [ 79.9717696, 6.8992456 ] } },
{ "type": "Feature", "properties": { "osm_id": "4242158414", "code": 5621, "fclass": "bus_stop", "name": "Godallawaththa Bus stop,Arangala" }, "geometry": { "type": "Point", "coordinates": [ 79.9577315, 6.8995956 ] } },
{ "type": "Feature", "properties": { "osm_id": "4242158415", "code": 5621, "fclass": "bus_stop", "name": "Godallawaththa Bus stop,Malabe" }, "geometry": { "type": "Point", "coordinates": [ 79.9574491, 6.8999899 ] } },
{ "type": "Feature", "properties": { "osm_id": "4242158416", "code": 5621, "fclass": "bus_stop", "name": "Mihindu mawatha Bus stop,Pittugala" }, "geometry": { "type": "Point", "coordinates": [ 79.971995, 6.900463 ] } },
{ "type": "Feature", "properties": { "osm_id": "4242158409", "code": 5621, "fclass": "bus_stop", "name": "Koshena Bus stop,Arangala" }, "geometry": { "type": "Point", "coordinates": [ 79.973102, 6.8966993 ] } },
{ "type": "Feature", "properties": { "osm_id": "4242158410", "code": 5621, "fclass": "bus_stop", "name": "Koshena Bus stop,Pittugala" }, "geometry": { "type": "Point", "coordinates": [ 79.9730595, 6.896715 ] } },
{ "type": "Feature", "properties": { "osm_id": "4242158411", "code": 5621, "fclass": "bus_stop", "name": "Susilarama Bus stop,Arangala" }, "geometry": { "type": "Point", "coordinates": [ 79.9586592, 6.8976562 ] } },
{ "type": "Feature", "properties": { "osm_id": "4242158412", "code": 5621, "fclass": "bus_stop", "name": "Susilarama Bus stop,Malabe" }, "geometry": { "type": "Point", "coordinates": [ 79.9583656, 6.8980963 ] } },
{ "type": "Feature", "properties": { "osm_id": "4242158405", "code": 5621, "fclass": "bus_stop", "name": "Kahanthota Bus stop,Arangala" }, "geometry": { "type": "Point", "coordinates": [ 79.9732503, 6.893828 ] } },
{ "type": "Feature", "properties": { "osm_id": "4242158406", "code": 5621, "fclass": "bus_stop", "name": "Kahanthota Bus stop,Pittugala" }, "geometry": { "type": "Point", "coordinates": [ 79.9732043, 6.8939134 ] } },
{ "type": "Feature", "properties": { "osm_id": "4242158407", "code": 5621, "fclass": "bus_stop", "name": "Micro Bus stop,Malabe" }, "geometry": { "type": "Point", "coordinates": [ 79.959502, 6.896328 ] } },
{ "type": "Feature", "properties": { "osm_id": "4242158408", "code": 5621, "fclass": "bus_stop", "name": "Micro Bus stop,Arangala" }, "geometry": { "type": "Point", "coordinates": [ 79.9595283, 6.8964066 ] } },
{ "type": "Feature", "properties": { "osm_id": "4242158400", "code": 5621, "fclass": "bus_stop", "name": "Malwatta Bus stop,Arangala" }, "geometry": { "type": "Point", "coordinates": [ 79.9693241, 6.8922562 ] } },
{ "type": "Feature", "properties": { "osm_id": "4242158401", "code": 5621, "fclass": "bus_stop", "name": "Shailaaramaya Bus stop,Arangala" }, "geometry": { "type": "Point", "coordinates": [ 79.9655042, 6.892334 ] } },
{ "type": "Feature", "properties": { "osm_id": "4242158402", "code": 5621, "fclass": "bus_stop", "name": "Rathanarama Bus stop,Pittugala" }, "geometry": { "type": "Point", "coordinates": [ 79.9716898, 6.8927875 ] } },
{ "type": "Feature", "properties": { "osm_id": "4242158403", "code": 5621, "fclass": "bus_stop", "name": "Rathanarama Bus stop,Arangala" }, "geometry": { "type": "Point", "coordinates": [ 79.9719635, 6.8928686 ] } },
{ "type": "Feature", "properties": { "osm_id": "4242158396", "code": 5621, "fclass": "bus_stop", "name": "Arangala junction Bus stop,Arangala" }, "geometry": { "type": "Point", "coordinates": [ 79.9648087, 6.890559 ] } },
{ "type": "Feature", "properties": { "osm_id": "4242158397", "code": 5621, "fclass": "bus_stop", "name": "Bluebell Bus stop,Pittugala" }, "geometry": { "type": "Point", "coordinates": [ 79.964922, 6.8910834 ] } },
{ "type": "Feature", "properties": { "osm_id": "4242158398", "code": 5621, "fclass": "bus_stop", "name": "Garment Bus stop,Pittugala" }, "geometry": { "type": "Point", "coordinates": [ 79.9691524, 6.8912436 ] } },
{ "type": "Feature", "properties": { "osm_id": "4242158399", "code": 5621, "fclass": "bus_stop", "name": "Arangala junction Bus stop,Malabe" }, "geometry": { "type": "Point", "coordinates": [ 79.9642922, 6.8910365 ] } },
{ "type": "Feature", "properties": { "osm_id": "4235822090", "code": 5621, "fclass": "bus_stop", "name": "Bluebell" }, "geometry": { "type": "Point", "coordinates": [ 79.9647275, 6.8911129 ] } },
{ "type": "Feature", "properties": { "osm_id": "4242158518", "code": 5621, "fclass": "bus_stop", "name": "Weva para bus stop, Kaduwela" }, "geometry": { "type": "Point", "coordinates": [ 79.9649578, 6.9067853 ] } },
{ "type": "Feature", "properties": { "osm_id": "4242158519", "code": 5621, "fclass": "bus_stop", "name": "Weva para bus stop, malabe" }, "geometry": { "type": "Point", "coordinates": [ 79.9645579, 6.9062444 ] } },
{ "type": "Feature", "properties": { "osm_id": "4242158520", "code": 5621, "fclass": "bus_stop", "name": "Wimukthi mawatha bus stop, Kaduwela" }, "geometry": { "type": "Point", "coordinates": [ 79.9720813, 6.9132057 ] } },
{ "type": "Feature", "properties": { "osm_id": "4242158521", "code": 5621, "fclass": "bus_stop", "name": "Wimukthi mawatha bus stop, Malabe" }, "geometry": { "type": "Point", "coordinates": [ 79.972218, 6.9125097 ] } },
{ "type": "Feature", "properties": { "osm_id": "4242158498", "code": 5621, "fclass": "bus_stop", "name": "Temple Bus Stop, Kaduwela" }, "geometry": { "type": "Point", "coordinates": [ 79.9698737, 6.9089643 ] } },
{ "type": "Feature", "properties": { "osm_id": "4242158499", "code": 5621, "fclass": "bus_stop", "name": "Temple Bus Stop, Malabe" }, "geometry": { "type": "Point", "coordinates": [ 79.9694526, 6.9086674 ] } },
{ "type": "Feature", "properties": { "osm_id": "4242158513", "code": 5621, "fclass": "bus_stop", "name": "Vihara Mawatha Bus Stop, kaduwela" }, "geometry": { "type": "Point", "coordinates": [ 79.9751164, 6.9213897 ] } },
{ "type": "Feature", "properties": { "osm_id": "4242158516", "code": 5621, "fclass": "bus_stop", "name": "Welivita bus stop, Kaduwela" }, "geometry": { "type": "Point", "coordinates": [ 79.9724112, 6.9161484 ] } },
{ "type": "Feature", "properties": { "osm_id": "4242158472", "code": 5621, "fclass": "bus_stop", "name": "Pittugala Bus Stop, Malambe" }, "geometry": { "type": "Point", "coordinates": [ 79.9706757, 6.9092697 ] } },
{ "type": "Feature", "properties": { "osm_id": "4242158480", "code": 5621, "fclass": "bus_stop", "name": "Seevali Mawatha Bus Stop, Kaduwela" }, "geometry": { "type": "Point", "coordinates": [ 79.9742537, 6.9200541 ] } },
{ "type": "Feature", "properties": { "osm_id": "4242158495", "code": 5621, "fclass": "bus_stop", "name": "Sudarshana Mawatha Bus Stop, Kaduwela" }, "geometry": { "type": "Point", "coordinates": [ 79.9666061, 6.9089119 ] } },
{ "type": "Feature", "properties": { "osm_id": "4242158496", "code": 5621, "fclass": "bus_stop", "name": "Sudarshana Mawatha Bus Stop, Malabe" }, "geometry": { "type": "Point", "coordinates": [ 79.9660421, 6.9084104 ] } },
{ "type": "Feature", "properties": { "osm_id": "4242158455", "code": 5621, "fclass": "bus_stop", "name": "Malabe Junction bus stop, Malabe" }, "geometry": { "type": "Point", "coordinates": [ 79.9565175, 6.9037081 ] } },
{ "type": "Feature", "properties": { "osm_id": "4242158460", "code": 5621, "fclass": "bus_stop", "name": "Pattiyawatte Bus stop,Malabe" }, "geometry": { "type": "Point", "coordinates": [ 79.9801648, 6.9267999 ] } },
{ "type": "Feature", "properties": { "osm_id": "4242158461", "code": 5621, "fclass": "bus_stop", "name": "Pattiyawatte Bus stop,kaduwela" }, "geometry": { "type": "Point", "coordinates": [ 79.9804865, 6.9273629 ] } },
{ "type": "Feature", "properties": { "osm_id": "4242158471", "code": 5621, "fclass": "bus_stop", "name": "Pittugala Bus Stop, Kaduwela" }, "geometry": { "type": "Point", "coordinates": [ 79.9713527, 6.9100314 ] } },
{ "type": "Feature", "properties": { "osm_id": "4242158449", "code": 5621, "fclass": "bus_stop", "name": "Kothalawala School Bus Stop,Malabe" }, "geometry": { "type": "Point", "coordinates": [ 79.9826595, 6.929866 ] } },
{ "type": "Feature", "properties": { "osm_id": "4242158451", "code": 5621, "fclass": "bus_stop", "name": "Kothalawala Temple Bus Stop,Malabe" }, "geometry": { "type": "Point", "coordinates": [ 79.9826295, 6.9319182 ] } },
{ "type": "Feature", "properties": { "osm_id": "4242158452", "code": 5621, "fclass": "bus_stop", "name": "Kothalawala Temple Bus Stop,Kaduwela" }, "geometry": { "type": "Point", "coordinates": [ 79.9824169, 6.9324746 ] } },
{ "type": "Feature", "properties": { "osm_id": "4242158454", "code": 5621, "fclass": "bus_stop", "name": "Malabe Junction bus stop, Kaduwela road" }, "geometry": { "type": "Point", "coordinates": [ 79.9542684, 6.9039195 ] } },
{ "type": "Feature", "properties": { "osm_id": "4242158425", "code": 5621, "fclass": "bus_stop", "name": "Thunhadahena Bus stop,Arangala" }, "geometry": { "type": "Point", "coordinates": [ 79.9737555, 6.9074153 ] } },
{ "type": "Feature", "properties": { "osm_id": "4242158427", "code": 5621, "fclass": "bus_stop", "name": "Colombo - Hanwella Low Level Rd,Kaduwela" }, "geometry": { "type": "Point", "coordinates": [ 79.9839961, 6.9353102 ] } },
{ "type": "Feature", "properties": { "osm_id": "4242158445", "code": 5621, "fclass": "bus_stop", "name": "Kaduwela New Kandy Rd Bus Stop,Malabe" }, "geometry": { "type": "Point", "coordinates": [ 79.9837298, 6.9343681 ] } },
{ "type": "Feature", "properties": { "osm_id": "4242158448", "code": 5621, "fclass": "bus_stop", "name": "Kothalawala Bus Stop" }, "geometry": { "type": "Point", "coordinates": [ 79.9779218, 6.9235856 ] } },
{ "type": "Feature", "properties": { "osm_id": "4242158421", "code": 5621, "fclass": "bus_stop", "name": "Susilarama Bus stop,Kaduwela" }, "geometry": { "type": "Point", "coordinates": [ 79.9618305, 6.9048182 ] } },
{ "type": "Feature", "properties": { "osm_id": "4242158422", "code": 5621, "fclass": "bus_stop", "name": "Cinec Bus stop,Malabe" }, "geometry": { "type": "Point", "coordinates": [ 79.9626474, 6.905323 ] } },
{ "type": "Feature", "properties": { "osm_id": "4242158423", "code": 5621, "fclass": "bus_stop", "name": "Cinec Bus stop,Kaduwela" }, "geometry": { "type": "Point", "coordinates": [ 79.9635988, 6.9057934 ] } },
{ "type": "Feature", "properties": { "osm_id": "4242158424", "code": 5621, "fclass": "bus_stop", "name": "Thunhadahena Bus stop,Pittugala" }, "geometry": { "type": "Point", "coordinates": [ 79.9737303, 6.9071341 ] } },
{ "type": "Feature", "properties": { "osm_id": "4242158417", "code": 5621, "fclass": "bus_stop", "name": "Jayanthi mawatha Bus stop,Arangala" }, "geometry": { "type": "Point", "coordinates": [ 79.9728259, 6.9010953 ] } },
{ "type": "Feature", "properties": { "osm_id": "4242158418", "code": 5621, "fclass": "bus_stop", "name": "Godallawatta Bus stop,Malabe" }, "geometry": { "type": "Point", "coordinates": [ 79.9591304, 6.9035526 ] } },
{ "type": "Feature", "properties": { "osm_id": "4242158419", "code": 5621, "fclass": "bus_stop", "name": "Godallawatta Bus stop,Kaduwela" }, "geometry": { "type": "Point", "coordinates": [ 79.9594469, 6.9037223 ] } },
{ "type": "Feature", "properties": { "osm_id": "4242158420", "code": 5621, "fclass": "bus_stop", "name": "Susilarama Bus stop,Malabe" }, "geometry": { "type": "Point", "coordinates": [ 79.9614862, 6.9045215 ] } },
{ "type": "Feature", "properties": { "osm_id": "4312348022", "code": 5621, "fclass": "bus_stop", "name": "Vihara Mawatha Bus Stop, Malabe" }, "geometry": { "type": "Point", "coordinates": [ 79.9749612, 6.9211798 ] } },
{ "type": "Feature", "properties": { "osm_id": "4312393974", "code": 5621, "fclass": "bus_stop", "name": "Seevali Mawatha Bus Stop, Malabe" }, "geometry": { "type": "Point", "coordinates": [ 79.97423, 6.9192249 ] } },
{ "type": "Feature", "properties": { "osm_id": "4313301849", "code": 5621, "fclass": "bus_stop", "name": "Parakumba Bus stop,Arangala" }, "geometry": { "type": "Point", "coordinates": [ 79.9568093, 6.9012847 ] } },
{ "type": "Feature", "properties": { "osm_id": "4313302695", "code": 5621, "fclass": "bus_stop", "name": "Parakumba" }, "geometry": { "type": "Point", "coordinates": [ 79.9565544, 6.9015659 ] } },
{ "type": "Feature", "properties": { "osm_id": "4242159321", "code": 5621, "fclass": "bus_stop", "name": "Gamunupura Bus stop,Malabe" }, "geometry": { "type": "Point", "coordinates": [ 79.9735928, 6.9171833 ] } },
{ "type": "Feature", "properties": { "osm_id": "4242159333", "code": 5621, "fclass": "bus_stop", "name": "Gamunupura Bus stop,Kaduwela" }, "geometry": { "type": "Point", "coordinates": [ 79.9738523, 6.9176287 ] } },
{ "type": "Feature", "properties": { "osm_id": "4305742377", "code": 5621, "fclass": "bus_stop", "name": "Welivita bus stop, Malabe" }, "geometry": { "type": "Point", "coordinates": [ 79.9723812, 6.9155918 ] } },
{ "type": "Feature", "properties": { "osm_id": "2968472648", "code": 5621, "fclass": "bus_stop", "name": "Mabima Junction" }, "geometry": { "type": "Point", "coordinates": [ 79.9618176, 6.9423353 ] } },
{ "type": "Feature", "properties": { "osm_id": "2968472649", "code": 5621, "fclass": "bus_stop", "name": "Pattiwila" }, "geometry": { "type": "Point", "coordinates": [ 79.9548065, 6.9440747 ] } },
{ "type": "Feature", "properties": { "osm_id": "3498618706", "code": 5621, "fclass": "bus_stop", "name": null }, "geometry": { "type": "Point", "coordinates": [ 79.9674817, 6.9678183 ] } },
{ "type": "Feature", "properties": { "osm_id": "3498618707", "code": 5621, "fclass": "bus_stop", "name": null }, "geometry": { "type": "Point", "coordinates": [ 79.9611586, 6.9675309 ] } },
{ "type": "Feature", "properties": { "osm_id": "3810746404", "code": 5621, "fclass": "bus_stop", "name": "Manikagara" }, "geometry": { "type": "Point", "coordinates": [ 80.0015952, 6.9125478 ] } },
{ "type": "Feature", "properties": { "osm_id": "4580488791", "code": 5621, "fclass": "bus_stop", "name": null }, "geometry": { "type": "Point", "coordinates": [ 79.9989716, 6.8847079 ] } },
{ "type": "Feature", "properties": { "osm_id": "5406456421", "code": 5621, "fclass": "bus_stop", "name": null }, "geometry": { "type": "Point", "coordinates": [ 80.001752, 6.885381 ] } },
{ "type": "Feature", "properties": { "osm_id": "5406465624", "code": 5621, "fclass": "bus_stop", "name": null }, "geometry": { "type": "Point", "coordinates": [ 80.0052894, 6.8847962 ] } },
{ "type": "Feature", "properties": { "osm_id": "1949655908", "code": 5621, "fclass": "bus_stop", "name": null }, "geometry": { "type": "Point", "coordinates": [ 80.0080845, 6.9613903 ] } },
{ "type": "Feature", "properties": { "osm_id": "6615733829", "code": 5621, "fclass": "bus_stop", "name": "Keselwattha Bus Stop" }, "geometry": { "type": "Point", "coordinates": [ 79.9002501, 6.7502995 ] } },
{ "type": "Feature", "properties": { "osm_id": "9379014217", "code": 5621, "fclass": "bus_stop", "name": null }, "geometry": { "type": "Point", "coordinates": [ 79.8822924, 6.7757513 ] } },
{ "type": "Feature", "properties": { "osm_id": "9872231070", "code": 5621, "fclass": "bus_stop", "name": "Gorakana" }, "geometry": { "type": "Point", "coordinates": [ 79.8982382, 6.7584955 ] } },
{ "type": "Feature", "properties": { "osm_id": "9872242666", "code": 5621, "fclass": "bus_stop", "name": "bus stop" }, "geometry": { "type": "Point", "coordinates": [ 79.8927408, 6.7684884 ] } },
{ "type": "Feature", "properties": { "osm_id": "9872181437", "code": 5621, "fclass": "bus_stop", "name": "Paratta junction" }, "geometry": { "type": "Point", "coordinates": [ 79.8992517, 6.7546797 ] } },
{ "type": "Feature", "properties": { "osm_id": "9872181438", "code": 5621, "fclass": "bus_stop", "name": "Paratta junction" }, "geometry": { "type": "Point", "coordinates": [ 79.8989303, 6.7556663 ] } },
{ "type": "Feature", "properties": { "osm_id": "9872231069", "code": 5621, "fclass": "bus_stop", "name": "Gorakana" }, "geometry": { "type": "Point", "coordinates": [ 79.8984904, 6.7580877 ] } },
{ "type": "Feature", "properties": { "osm_id": "10204249617", "code": 5621, "fclass": "bus_stop", "name": null }, "geometry": { "type": "Point", "coordinates": [ 79.8846274, 6.7732916 ] } },
{ "type": "Feature", "properties": { "osm_id": "10204306717", "code": 5621, "fclass": "bus_stop", "name": null }, "geometry": { "type": "Point", "coordinates": [ 79.884209, 6.7744613 ] } },
{ "type": "Feature", "properties": { "osm_id": "10204243618", "code": 5621, "fclass": "bus_stop", "name": null }, "geometry": { "type": "Point", "coordinates": [ 79.8851358, 6.7722459 ] } },
{ "type": "Feature", "properties": { "osm_id": "10204245118", "code": 5621, "fclass": "bus_stop", "name": null }, "geometry": { "type": "Point", "coordinates": [ 79.8838061, 6.7753741 ] } },
{ "type": "Feature", "properties": { "osm_id": "2159765769", "code": 5621, "fclass": "bus_stop", "name": null }, "geometry": { "type": "Point", "coordinates": [ 80.0041484, 6.8417854 ] } },
{ "type": "Feature", "properties": { "osm_id": "6708412337", "code": 5621, "fclass": "bus_stop", "name": "Thalagala Bus Stop" }, "geometry": { "type": "Point", "coordinates": [ 80.0419986, 6.797727 ] } },
{ "type": "Feature", "properties": { "osm_id": "4059269703", "code": 5621, "fclass": "bus_stop", "name": "Sirimal watte bus stop" }, "geometry": { "type": "Point", "coordinates": [ 79.9693027, 6.8577959 ] } },
{ "type": "Feature", "properties": { "osm_id": "4839682857", "code": 5621, "fclass": "bus_stop", "name": "Wasalawatte Junction" }, "geometry": { "type": "Point", "coordinates": [ 79.9646047, 6.8610121 ] } },
{ "type": "Feature", "properties": { "osm_id": "4839682856", "code": 5621, "fclass": "bus_stop", "name": "Katukurunda Junction" }, "geometry": { "type": "Point", "coordinates": [ 79.9657501, 6.8595502 ] } },
{ "type": "Feature", "properties": { "osm_id": "2400524416", "code": 5621, "fclass": "bus_stop", "name": "Athurugiriya Bus Stand" }, "geometry": { "type": "Point", "coordinates": [ 79.9893844, 6.8773468 ] } },
{ "type": "Feature", "properties": { "osm_id": "3498618708", "code": 5621, "fclass": "bus_stop", "name": null }, "geometry": { "type": "Point", "coordinates": [ 79.9544618, 6.9695241 ] } },
{ "type": "Feature", "properties": { "osm_id": "4433919983", "code": 5621, "fclass": "bus_stop", "name": "Transformer Junction" }, "geometry": { "type": "Point", "coordinates": [ 79.9789041, 7.0072691 ] } },
{ "type": "Feature", "properties": { "osm_id": "3498618705", "code": 5621, "fclass": "bus_stop", "name": null }, "geometry": { "type": "Point", "coordinates": [ 79.9735434, 6.9710538 ] } },
{ "type": "Feature", "properties": { "osm_id": "3474590678", "code": 5621, "fclass": "bus_stop", "name": null }, "geometry": { "type": "Point", "coordinates": [ 79.9769134, 6.9714044 ] } },
{ "type": "Feature", "properties": { "osm_id": "3498618704", "code": 5621, "fclass": "bus_stop", "name": null }, "geometry": { "type": "Point", "coordinates": [ 79.9822774, 6.970289 ] } },
{ "type": "Feature", "properties": { "osm_id": "3474590679", "code": 5621, "fclass": "bus_stop", "name": "Dimo Junction" }, "geometry": { "type": "Point", "coordinates": [ 79.9836393, 6.9694195 ] } },
{ "type": "Feature", "properties": { "osm_id": "4469602569", "code": 5621, "fclass": "bus_stop", "name": "Kandana Bus Stop" }, "geometry": { "type": "Point", "coordinates": [ 79.8968519, 7.048824 ] } },
{ "type": "Feature", "properties": { "osm_id": "1843603550", "code": 5621, "fclass": "bus_stop", "name": "Mukalana Junction" }, "geometry": { "type": "Point", "coordinates": [ 80.0294647, 6.9774788 ] } },
{ "type": "Feature", "properties": { "osm_id": "3867898906", "code": 5621, "fclass": "bus_stop", "name": null }, "geometry": { "type": "Point", "coordinates": [ 80.0293846, 6.9818756 ] } },
{ "type": "Feature", "properties": { "osm_id": "3805840869", "code": 5621, "fclass": "bus_stop", "name": null }, "geometry": { "type": "Point", "coordinates": [ 80.0332303, 6.9841685 ] } },
{ "type": "Feature", "properties": { "osm_id": "3656313244", "code": 5621, "fclass": "bus_stop", "name": "Katulanda Junction" }, "geometry": { "type": "Point", "coordinates": [ 80.035445, 6.975445 ] } },
{ "type": "Feature", "properties": { "osm_id": "13551402103", "code": 5621, "fclass": "bus_stop", "name": null }, "geometry": { "type": "Point", "coordinates": [ 80.0426567, 6.9700101 ] } },
{ "type": "Feature", "properties": { "osm_id": "13641773755", "code": 5621, "fclass": "bus_stop", "name": "Parakadamulla Temple" }, "geometry": { "type": "Point", "coordinates": [ 80.0479948, 7.0081081 ] } },
{ "type": "Feature", "properties": { "osm_id": "13641773769", "code": 5621, "fclass": "bus_stop", "name": null }, "geometry": { "type": "Point", "coordinates": [ 80.0485574, 7.0097155 ] } },
{ "type": "Feature", "properties": { "osm_id": "13551402102", "code": 5621, "fclass": "bus_stop", "name": null }, "geometry": { "type": "Point", "coordinates": [ 80.0428075, 6.9700709 ] } },
{ "type": "Feature", "properties": { "osm_id": "639132064", "code": 5621, "fclass": "bus_stop", "name": "Ihala Dekatana" }, "geometry": { "type": "Point", "coordinates": [ 80.0479358, 6.9711803 ] } },
{ "type": "Feature", "properties": { "osm_id": "1241595921", "code": 5621, "fclass": "bus_stop", "name": "Jambugas Junction" }, "geometry": { "type": "Point", "coordinates": [ 80.0448655, 6.969608 ] } },
{ "type": "Feature", "properties": { "osm_id": "3632241378", "code": 5621, "fclass": "bus_stop", "name": null }, "geometry": { "type": "Point", "coordinates": [ 80.0415962, 7.0134416 ] } },
{ "type": "Feature", "properties": { "osm_id": "3632241386", "code": 5621, "fclass": "bus_stop", "name": null }, "geometry": { "type": "Point", "coordinates": [ 80.0426691, 7.0063177 ] } },
{ "type": "Feature", "properties": { "osm_id": "3632241730", "code": 5621, "fclass": "bus_stop", "name": null }, "geometry": { "type": "Point", "coordinates": [ 80.0411841, 6.990892 ] } },
{ "type": "Feature", "properties": { "osm_id": "3632241351", "code": 5621, "fclass": "bus_stop", "name": null }, "geometry": { "type": "Point", "coordinates": [ 80.0421863, 7.0127202 ] } },
{ "type": "Feature", "properties": { "osm_id": "3805840940", "code": 5621, "fclass": "bus_stop", "name": null }, "geometry": { "type": "Point", "coordinates": [ 80.0523369, 6.9961545 ] } },
{ "type": "Feature", "properties": { "osm_id": "3805838355", "code": 5621, "fclass": "bus_stop", "name": "Pelahala" }, "geometry": { "type": "Point", "coordinates": [ 80.0583921, 6.9833828 ] } },
{ "type": "Feature", "properties": { "osm_id": "3656317184", "code": 5621, "fclass": "bus_stop", "name": "Demalagama" }, "geometry": { "type": "Point", "coordinates": [ 80.047608, 6.994566 ] } },
{ "type": "Feature", "properties": { "osm_id": "3632242011", "code": 5621, "fclass": "bus_stop", "name": null }, "geometry": { "type": "Point", "coordinates": [ 80.0480818, 7.0055537 ] } },
{ "type": "Feature", "properties": { "osm_id": "3632242031", "code": 5621, "fclass": "bus_stop", "name": null }, "geometry": { "type": "Point", "coordinates": [ 80.0539636, 7.0005761 ] } },
{ "type": "Feature", "properties": { "osm_id": "3656313241", "code": 5621, "fclass": "bus_stop", "name": "Katulanda Road" }, "geometry": { "type": "Point", "coordinates": [ 80.0444884, 6.9919177 ] } },
{ "type": "Feature", "properties": { "osm_id": "4959487757", "code": 5621, "fclass": "bus_stop", "name": "Pahala Pelahala" }, "geometry": { "type": "Point", "coordinates": [ 80.0549628, 6.9792569 ] } },
{ "type": "Feature", "properties": { "osm_id": "4959487867", "code": 5621, "fclass": "bus_stop", "name": "Parangoda" }, "geometry": { "type": "Point", "coordinates": [ 80.0516876, 6.9751055 ] } },
{ "type": "Feature", "properties": { "osm_id": "5353224674", "code": 5621, "fclass": "bus_stop", "name": null }, "geometry": { "type": "Point", "coordinates": [ 80.0372357, 6.9887639 ] } },
{ "type": "Feature", "properties": { "osm_id": "5353261819", "code": 5621, "fclass": "bus_stop", "name": null }, "geometry": { "type": "Point", "coordinates": [ 80.0523412, 7.0085566 ] } },
{ "type": "Feature", "properties": { "osm_id": "5353262029", "code": 5621, "fclass": "bus_stop", "name": null }, "geometry": { "type": "Point", "coordinates": [ 80.0511396, 7.0099755 ] } },
{ "type": "Feature", "properties": { "osm_id": "5353262034", "code": 5621, "fclass": "bus_stop", "name": null }, "geometry": { "type": "Point", "coordinates": [ 80.0502759, 7.009097 ] } },
{ "type": "Feature", "properties": { "osm_id": "5353262059", "code": 5621, "fclass": "bus_stop", "name": null }, "geometry": { "type": "Point", "coordinates": [ 80.0436654, 7.0109418 ] } },
{ "type": "Feature", "properties": { "osm_id": "10934143808", "code": 5621, "fclass": "bus_stop", "name": "Pelahala Rahula" }, "geometry": { "type": "Point", "coordinates": [ 80.060482, 6.983547 ] } }
]
}
